1	31	0.0176
1	32	0.0335
1	33	0.0605
1	34	0.1036
1	35	0.1686
1	36	0.2610
1	37	0.3850
1	38	0.5432
1	39	0.7347
1	40	0.9558
1	41	1.1992
1	42	1.4551
1	43	1.7124
1	44	1.9599
1	45	2.1882
1	46	2.3891
1	47	2.5569
1	48	2.6875
1	49	2.7784
1	50	2.8285
1	51	2.8380
1	52	2.8088
1	53	2.7439
1	54	2.6484
1	55	2.5291
1	56	2.3942
1	57	2.2527
1	58	2.1120
1	59	1.9769
1	60	1.8479
1	61	1.7219
1	62	1.5944
1	63	1.4615
1	64	1.3212
1	65	1.1750
1	66	1.0272
1	67	0.8854
1	68	0.7594
1	69	0.6585
1	70	0.5892
1	71	0.5524
1	72	0.5428
1	73	0.5510
1	74	0.5667
1	75	0.5812
1	76	0.5889
1	77	0.5872
1	78	0.5759
1	79	0.5569
1	80	0.5336
1	81	0.5100
1	82	0.4910
1	83	0.4821
1	84	0.4886
1	85	0.5165
1	86	0.5713
1	87	0.6585
1	88	0.7823
1	89	0.9441
1	90	1.1407
1	91	1.3638
1	92	1.6009
1	93	1.8388
1	94	2.0649
1	95	2.2693
1	96	2.4441
1	97	2.5837
1	98	2.6842
1	99	2.7428
1	100	2.7578
1	101	2.7279
1	102	2.6529
1	103	2.5332
1	104	2.3702
1	105	2.1665
1	106	1.9263
1	107	1.6566
1	108	1.3678
1	109	1.0745
1	110	0.7954
1	111	0.5503
1	112	0.3544
1	113	0.2130
1	114	0.1204
1	115	0.0647
1	116	0.0334
1	117	0.0167
2	30	0.0138
2	31	0.0278
2	32	0.0527
2	33	0.0946
2	34	0.1605
2	35	0.2572
2	36	0.3901
2	37	0.5614
2	38	0.7697
2	39	1.0102
2	40	1.2755
2	41	1.5560
2	42	1.8413
2	43	2.1206
2	44	2.3842
2	45	2.6237
2	46	2.8324
2	47	3.0053
2	48	3.1391
2	49	3.2318
2	50	3.2826
2	51	3.2919
2	52	3.2616
2	53	3.1948
2	54	3.0965
2	55	2.9735
2	56	2.8340
2	57	2.6869
2	58	2.5400
2	59	2.3978
2	60	2.2608
2	61	2.1259
2	62	1.9880
2	63	1.8426
2	64	1.6872
2	65	1.5225
2	66	1.3529
2	67	1.1868
2	68	1.0355
2	69	0.9116
2	70	0.8249
2	71	0.7782
2	72	0.7660
2	73	0.7766
2	74	0.7968
2	75	0.8156
2	76	0.8260
2	77	0.8247
2	78	0.8115
2	79	0.7885
2	80	0.7596
2	81	0.7300
2	82	0.7058
2	83	0.6940
2	84	0.7021
2	85	0.7376
2	86	0.8074
2	87	0.9171
2	88	1.0694
2	89	1.2632
2	90	1.4918
2	91	1.7435
2	92	2.0045
2	93	2.2610
2	94	2.5010
2	95	2.7153
2	96	2.8971
2	97	3.0415
2	98	3.1450
2	99	3.2051
2	100	3.2203
2	101	3.1895
2	102	3.1123
2	103	2.9888
2	104	2.8199
2	105	2.6074
2	106	2.3544
2	107	2.0662
2	108	1.7506
2	109	1.4201
2	110	1.0919
2	111	0.7877
2	112	0.5291
2	113	0.3304
2	114	0.1930
2	115	0.1067
2	116	0.0565
2	117	0.0290
2	118	0.0145
3	30	0.0206
3	31	0.0413
3	32	0.0780
3	33	0.1389
3	34	0.2325
3	35	0.3660
3	36	0.5425
3	37	0.7605
3	38	1.0143
3	39	1.2954
3	40	1.5945
3	41	1.9015
3	42	2.2065
3	43	2.5000
3	44	2.7734
3	45	3.0195
3	46	3.2326
3	47	3.4083
3	48	3.5437
3	49	3.6371
3	50	3.6881
3	51	3.6970
3	52	3.6659
3	53	3.5978
3	54	3.4978
3	55	3.3726
3	56	3.2304
3	57	3.0801
3	58	2.9294
3	59	2.7829
3	60	2.6411
3	61	2.5005
3	62	2.3557
3	63	2.2019
3	64	2.0361
3	65	1.8584
3	66	1.6733
3	67	1.4890
3	68	1.3182
3	69	1.1759
3	70	1.0747
3	71	1.0197
3	72	1.0053
3	73	1.0180
3	74	1.0423
3	75	1.0651
3	76	1.0783
3	77	1.0779
3	78	1.0638
3	79	1.0382
3	80	1.0053
3	81	0.9711
3	82	0.9426
3	83	0.9284
3	84	0.9375
3	85	0.9793
3	86	1.0616
3	87	1.1898
3	88	1.3651
3	89	1.5837
3	90	1.8359
3	91	2.1081
3	92	2.3855
3	93	2.6544
3	94	2.9035
3	95	3.1243
3	96	3.3106
3	97	3.4580
3	98	3.5634
3	99	3.6245
3	100	3.6399
3	101	3.6084
3	102	3.5298
3	103	3.4039
3	104	3.2314
3	105	3.0135
3	106	2.7527
3	107	2.4528
3	108	2.1202
3	109	1.7646
3	110	1.4010
3	111	1.0499
3	112	0.7354
3	113	0.4791
3	114	0.2910
3	115	0.1665
3	116	0.0910
3	117	0.0481
3	118	0.0247
3	119	0.0124
4	29	0.0137
4	30	0.0290
4	31	0.0578
4	32	0.1086
4	33	0.1914
4	34	0.3158
4	35	0.4875
4	36	0.7062
4	37	0.9659
4	38	1.2571
4	39	1.5694
4	40	1.8929
4	41	2.2181
4	42	2.5361
4	43	2.8385
4	44	3.1179
4	45	3.3678
4	46	3.5832
4	47	3.7602
4	48	3.8963
4	49	3.9900
4	50	4.0407
4	51	4.0492
4	52	4.0174
4	53	3.9484
4	54	3.8474
4	55	3.7208
4	56	3.5771
4	57	3.4250
4	58	3.2722
4	59	3.1232
4	60	2.9784
4	61	2.8341
4	62	2.6848
4	63	2.5253
4	64	2.3522
4	65	2.1656
4	66	1.9694
4	67	1.7721
4	68	1.5870
4	69	1.4307
4	70	1.3184
4	71	1.2569
4	72	1.2408
4	73	1.2554
4	74	1.2831
4	75	1.3095
4	76	1.3255
4	77	1.3267
4	78	1.3129
4	79	1.2863
4	80	1.2514
4	81	1.2142
4	82	1.1827
4	83	1.1664
4	84	1.1760
4	85	1.2222
4	86	1.3139
4	87	1.4562
4	88	1.6491
4	89	1.8862
4	90	2.1557
4	91	2.4426
4	92	2.7316
4	93	3.0092
4	94	3.2647
4	95	3.4900
4	96	3.6795
4	97	3.8291
4	98	3.9358
4	99	3.9976
4	100	4.0131
4	101	3.9813
4	102	3.9017
4	103	3.7743
4	104	3.5994
4	105	3.3782
4	106	3.1125
4	107	2.8054
4	108	2.4621
4	109	2.0906
4	110	1.7034
4	111	1.3186
4	112	0.9599
4	113	0.6522
4	114	0.4133
4	115	0.2461
4	116	0.1394
4	117	0.0761
4	118	0.0403
4	119	0.0208
4	120	0.0105
5	29	0.0181
5	30	0.0383
5	31	0.0763
5	32	0.1424
5	33	0.2483
5	34	0.4035
5	35	0.6113
5	36	0.8672
5	37	1.1612
5	38	1.4814
5	39	1.8167
5	40	2.1573
5	41	2.4948
5	42	2.8213
5	43	3.1294
5	44	3.4123
5	45	3.6644
5	46	3.8809
5	47	4.0585
5	48	4.1947
5	49	4.2881
5	50	4.3385
5	51	4.3465
5	52	4.3141
5	53	4.2445
5	54	4.1427
5	55	4.0154
5	56	3.8709
5	57	3.7179
5	58	3.5641
5	59	3.4138
5	60	3.2672
5	61	3.1205
5	62	2.9681
5	63	2.8046
5	64	2.6264
5	65	2.4334
5	66	2.2292
5	67	2.0225
5	68	1.8269
5	69	1.6604
5	70	1.5396
5	71	1.4732
5	72	1.4559
5	73	1.4721
5	74	1.5028
5	75	1.5325
5	76	1.5514
5	77	1.5550
5	78	1.5426
5	79	1.5166
5	80	1.4813
5	81	1.4429
5	82	1.4096
5	83	1.3918
5	84	1.4012
5	85	1.4501
5	86	1.5483
5	87	1.7010
5	88	1.9069
5	89	2.1580
5	90	2.4405
5	91	2.7386
5	92	3.0364
5	93	3.3207
5	94	3.5811
5	95	3.8101
5	96	4.0021
5	97	4.1535
5	98	4.2613
5	99	4.3238
5	100	4.3394
5	101	4.3074
5	102	4.2272
5	103	4.0987
5	104	3.9223
5	105	3.6988
5	106	3.4300
5	107	3.1185
5	108	2.7688
5	109	2.3876
5	110	1.9855
5	111	1.5785
5	112	1.1881
5	113	0.8397
5	114	0.5554
5	115	0.3451
5	116	0.2034
5	117	0.1150
5	118	0.0629
5	119	0.0333
5	120	0.0171
6	28	0.0101
6	29	0.0226
6	30	0.0478
6	31	0.0949
6	32	0.1760
6	33	0.3040
6	34	0.4873
6	35	0.7263
6	36	1.0127
6	37	1.3333
6	38	1.6751
6	39	2.0268
6	40	2.3795
6	41	2.7254
6	42	3.0575
6	43	3.3691
6	44	3.6541
6	45	3.9072
6	46	4.1242
6	47	4.3017
6	48	4.4376
6	49	4.5306
6	50	4.5805
6	51	4.5880
6	52	4.5550
6	53	4.4849
6	54	4.3827
6	55	4.2551
6	56	4.1104
6	57	3.9572
6	58	3.8031
6	59	3.6523
6	60	3.5048
6	61	3.3566
6	62	3.2021
6	63	3.0356
6	64	2.8535
6	65	2.6556
6	66	2.4454
6	67	2.2316
6	68	2.0282
6	69	1.8539
6	70	1.7268
6	71	1.6566
6	72	1.6386
6	73	1.6562
6	74	1.6897
6	75	1.7226
6	76	1.7448
6	77	1.7514
6	78	1.7416
6	79	1.7176
6	80	1.6835
6	81	1.6453
6	82	1.6114
6	83	1.5924
6	84	1.6012
6	85	1.6513
6	86	1.7537
6	87	1.9138
6	88	2.1298
6	89	2.3919
6	90	2.6850
6	91	2.9921
6	92	3.2972
6	93	3.5872
6	94	3.8520
6	95	4.0842
6	96	4.2786
6	97	4.4316
6	98	4.5406
6	99	4.6038
6	100	4.6197
6	101	4.5876
6	102	4.5070
6	103	4.3778
6	104	4.2003
6	105	3.9754
6	106	3.7046
6	107	3.3905
6	108	3.0370
6	109	2.6502
6	110	2.2396
6	111	1.8192
6	112	1.4084
6	113	1.0309
6	114	0.7100
6	115	0.4605
6	116	0.2830
6	117	0.1661
6	118	0.0937
6	119	0.0510
6	120	0.0267
6	121	0.0134
7	28	0.0119
7	29	0.0267
7	30	0.0563
7	31	0.1114
7	32	0.2057
7	33	0.3525
7	34	0.5590
7	35	0.8228
7	36	1.1323
7	37	1.4727
7	38	1.8300
7	39	2.1935
7	40	2.5546
7	41	2.9063
7	42	3.2421
7	43	3.5558
7	44	3.8419
7	45	4.0954
7	46	4.3122
7	47	4.4894
7	48	4.6248
7	49	4.7172
7	50	4.7665
7	51	4.7734
7	52	4.7399
7	53	4.6695
7	54	4.5671
7	55	4.4396
7	56	4.2951
7	57	4.1423
7	58	3.9885
7	59	3.8379
7	60	3.6902
7	61	3.5412
7	62	3.3851
7	63	3.2163
7	64	3.0311
7	65	2.8292
7	66	2.6142
7	67	2.3947
7	68	2.1851
7	69	2.0046
7	70	1.8726
7	71	1.7995
7	72	1.7809
7	73	1.8000
7	74	1.8361
7	75	1.8725
7	76	1.8984
7	77	1.9089
7	78	1.9030
7	79	1.8823
7	80	1.8508
7	81	1.8141
7	82	1.7803
7	83	1.7606
7	84	1.7685
7	85	1.8187
7	86	1.9235
7	87	2.0892
7	88	2.3132
7	89	2.5845
7	90	2.8867
7	91	3.2019
7	92	3.5138
7	93	3.8091
7	94	4.0781
7	95	4.3135
7	96	4.5104
7	97	4.6652
7	98	4.7755
7	99	4.8395
7	100	4.8559
7	101	4.8239
7	102	4.7431
7	103	4.6134
7	104	4.4352
7	105	4.2093
7	106	3.9374
7	107	3.6218
7	108	3.2663
7	109	2.8769
7	110	2.4622
7	111	2.0349
7	112	1.6124
7	113	1.2164
7	114	0.8691
7	115	0.5871
7	116	0.3759
7	117	0.2291
7	118	0.1334
7	119	0.0744
7	120	0.0397
7	121	0.0203
8	28	0.0132
8	29	0.0297
8	30	0.0626
8	31	0.1238
8	32	0.2279
8	33	0.3884
8	34	0.6118
8	35	0.8931
8	36	1.2189
8	37	1.5731
8	38	1.9414
8	39	2.3131
8	40	2.6801
8	41	3.0357
8	42	3.3738
8	43	3.6888
8	44	3.9753
8	45	4.2286
8	46	4.4450
8	47	4.6215
8	48	4.7562
8	49	4.8479
8	50	4.8965
8	51	4.9028
8	52	4.8690
8	53	4.7983
8	54	4.6960
8	55	4.5689
8	56	4.4251
8	57	4.2733
8	58	4.1206
8	59	3.9708
8	60	3.8234
8	61	3.6741
8	62	3.5169
8	63	3.3461
8	64	3.1583
8	65	2.9529
8	66	2.7337
8	67	2.5093
8	68	2.2944
8	69	2.1087
8	70	1.9725
8	71	1.8970
8	72	1.8781
8	73	1.8988
8	74	1.9378
8	75	1.9780
8	76	2.0085
8	77	2.0238
8	78	2.0228
8	79	2.0068
8	80	1.9792
8	81	1.9451
8	82	1.9125
8	83	1.8924
8	84	1.8991
8	85	1.9487
8	86	2.0548
8	87	2.2247
8	88	2.4555
8	89	2.7350
8	90	3.0457
8	91	3.3686
8	92	3.6870
8	93	3.9878
8	94	4.2610
8	95	4.4999
8	96	4.6995
8	97	4.8565
8	98	4.9683
8	99	5.0334
8	100	5.0505
8	101	5.0188
8	102	4.9381
8	103	4.8082
8	104	4.6296
8	105	4.4033
8	106	4.1307
8	107	3.8145
8	108	3.4584
8	109	3.0683
8	110	2.6525
8	111	2.2229
8	112	1.7955
8	113	1.3894
8	114	1.0248
8	115	0.7182
8	116	0.4777
8	117	0.3018
8	118	0.1813
8	119	0.1036
8	120	0.0563
8	121	0.0291
8	122	0.0143
8	133	0.0102
8	134	0.0125
8	135	0.0145
8	136	0.0160
8	137	0.0168
8	138	0.0166
8	139	0.0156
8	140	0.0139
8	141	0.0117
9	28	0.0139
9	29	0.0312
9	30	0.0658
9	31	0.1302
9	32	0.2396
9	33	0.4078
9	34	0.6407
9	35	0.9324
9	36	1.2681
9	37	1.6310
9	38	2.0064
9	39	2.3836
9	40	2.7545
9	41	3.1127
9	42	3.4523
9	43	3.7678
9	44	4.0541
9	45	4.3070
9	46	4.5226
9	47	4.6983
9	48	4.8321
9	49	4.9230
9	50	4.9709
9	51	4.9768
9	52	4.9426
9	53	4.8719
9	54	4.7699
9	55	4.6436
9	56	4.5010
9	57	4.3507
9	58	4.1997
9	59	4.0514
9	60	3.9050
9	61	3.7559
9	62	3.5980
9	63	3.4256
9	64	3.2353
9	65	3.0267
9	66	2.8035
9	67	2.5746
9	68	2.3548
9	69	2.1644
9	70	2.0243
9	71	1.9467
9	72	1.9277
9	73	1.9502
9	74	1.9926
9	75	2.0373
9	76	2.0731
9	77	2.0945
9	78	2.0998
9	79	2.0898
9	80	2.0673
9	81	2.0370
9	82	2.0063
9	83	1.9863
9	84	1.9920
9	85	2.0405
9	86	2.1473
9	87	2.3205
9	88	2.5573
9	89	2.8446
9	90	3.1634
9	91	3.4938
9	92	3.8189
9	93	4.1253
9	94	4.4033
9	95	4.6460
9	96	4.8487
9	97	5.0080
9	98	5.1218
9	99	5.1883
9	100	5.2064
9	101	5.1755
9	102	5.0952
9	103	4.9655
9	104	4.7869
9	105	4.5604
9	106	4.2877
9	107	3.9715
9	108	3.6158
9	109	3.2263
9	110	2.8116
9	111	2.3829
9	112	1.9550
9	113	1.5450
9	114	1.1707
9	115	0.8468
9	116	0.5827
9	117	0.3803
9	118	0.2350
9	119	0.1374
9	120	0.0759
9	121	0.0398
9	122	0.0197
9	131	0.0119
9	132	0.0162
9	133	0.0208
9	134	0.0254
9	135	0.0294
9	136	0.0324
9	137	0.0338
9	138	0.0334
9	139	0.0314
9	140	0.0279
9	141	0.0234
9	142	0.0186
9	143	0.0140
10	28	0.0137
10	29	0.0309
10	30	0.0654
10	31	0.1297
10	32	0.2394
10	33	0.4086
10	34	0.6435
10	35	0.9382
10	36	1.2778
10	37	1.6447
10	38	2.0239
10	39	2.4043
10	40	2.7776
10	41	3.1373
10	42	3.4775
10	43	3.7929
10	44	4.0788
10	45	4.3308
10	46	4.5456
10	47	4.7203
10	48	4.8531
10	49	4.9432
10	50	4.9904
10	51	4.9957
10	52	4.9614
10	53	4.8909
10	54	4.7896
10	55	4.6645
10	56	4.5237
10	57	4.3757
10	58	4.2271
10	59	4.0810
10	60	3.9361
10	61	3.7877
10	62	3.6295
10	63	3.4559
10	64	3.2633
10	65	3.0516
10	66	2.8245
10	67	2.5911
10	68	2.3665
10	69	2.1715
10	70	2.0276
10	71	1.9479
10	72	1.9291
10	73	1.9537
10	74	2.0000
10	75	2.0501
10	76	2.0925
10	77	2.1212
10	78	2.1342
10	79	2.1316
10	80	2.1155
10	81	2.0899
10	82	2.0620
10	83	2.0428
10	84	2.0478
10	85	2.0954
10	86	2.2025
10	87	2.3786
10	88	2.6210
10	89	2.9156
10	90	3.2422
10	91	3.5803
10	92	3.9122
10	93	4.2245
10	94	4.5074
10	95	4.7544
10	96	4.9606
10	97	5.1229
10	98	5.2390
10	99	5.3074
10	100	5.3270
10	101	5.2972
10	102	5.2177
10	103	5.0886
10	104	4.9104
10	105	4.6843
10	106	4.4120
10	107	4.0964
10	108	3.7417
10	109	3.3539
10	110	2.9415
10	111	2.5156
10	112	2.0901
10	113	1.6803
10	114	1.3014
10	115	0.9663
10	116	0.6842
10	117	0.4593
10	118	0.2911
10	119	0.1737
10	120	0.0976
10	121	0.0517
10	122	0.0259
10	123	0.0125
10	129	0.0110
10	130	0.0164
10	131	0.0233
10	132	0.0313
10	133	0.0401
10	134	0.0486
10	135	0.0561
10	136	0.0614
10	137	0.0638
10	138	0.0630
10	139	0.0590
10	140	0.0524
10	141	0.0441
10	142	0.0351
10	143	0.0264
10	144	0.0188
10	145	0.0126
10	188	0.0103
10	189	0.0129
10	190	0.0154
10	191	0.0174
10	192	0.0186
10	193	0.0188
10	194	0.0181
10	195	0.0164
10	196	0.0140
10	197	0.0114
11	28	0.0128
11	29	0.0289
11	30	0.0615
11	31	0.1225
11	32	0.2274
11	33	0.3908
11	34	0.6200
11	35	0.9105
11	36	1.2477
11	37	1.6141
11	38	1.9940
11	39	2.3754
11	40	2.7496
11	41	3.1097
11	42	3.4498
11	43	3.7648
11	44	4.0498
11	45	4.3008
11	46	4.5144
11	47	4.6880
11	48	4.8199
11	49	4.9091
11	50	4.9556
11	51	4.9606
11	52	4.9262
11	53	4.8562
11	54	4.7560
11	55	4.6327
11	56	4.4944
11	57	4.3495
11	58	4.2042
11	59	4.0611
11	60	3.9185
11	61	3.7713
11	62	3.6132
11	63	3.4384
11	64	3.2438
11	65	3.0290
11	66	2.7980
11	67	2.5601
11	68	2.3306
11	69	2.1308
11	70	1.9832
11	71	1.9014
11	72	1.8828
11	73	1.9100
11	74	1.9610
11	75	2.0176
11	76	2.0678
11	77	2.1053
11	78	2.1273
11	79	2.1334
11	80	2.1250
11	81	2.1054
11	82	2.0813
11	83	2.0639
11	84	2.0690
11	85	2.1162
11	86	2.2239
11	87	2.4027
11	88	2.6501
11	89	2.9514
11	90	3.2855
11	91	3.6309
11	92	3.9696
11	93	4.2880
11	94	4.5764
11	95	4.8280
11	96	5.0382
11	97	5.2039
11	98	5.3230
11	99	5.3938
11	100	5.4154
11	101	5.3872
11	102	5.3090
11	103	5.1810
11	104	5.0038
11	105	4.7786
11	106	4.5073
11	107	4.1928
11	108	3.8397
11	109	3.4541
11	110	3.0447
11	111	2.6225
11	112	2.2006
11	113	1.7931
11	114	1.4129
11	115	1.0711
11	116	0.7759
11	117	0.5330
11	118	0.3451
11	119	0.2096
11	120	0.1194
11	121	0.0639
11	122	0.0323
11	123	0.0158
11	128	0.0131
11	129	0.0204
11	130	0.0303
11	131	0.0426
11	132	0.0570
11	133	0.0724
11	134	0.0872
11	135	0.0999
11	136	0.1088
11	137	0.1126
11	138	0.1109
11	139	0.1038
11	140	0.0922
11	141	0.0777
11	142	0.0619
11	143	0.0467
11	144	0.0333
11	145	0.0224
11	146	0.0143
11	186	0.0121
11	187	0.0168
11	188	0.0222
11	189	0.0278
11	190	0.0330
11	191	0.0371
11	192	0.0396
11	193	0.0400
11	194	0.0382
11	195	0.0346
11	196	0.0297
11	197	0.0240
11	198	0.0184
11	199	0.0133
12	28	0.0113
12	29	0.0256
12	30	0.0547
12	31	0.1096
12	32	0.2052
12	33	0.3565
12	34	0.5726
12	35	0.8513
12	36	1.1798
12	37	1.5408
12	38	1.9178
12	39	2.2978
12	40	2.6713
12	41	3.0308
12	42	3.3701
12	43	3.6841
12	44	3.9679
12	45	4.2177
12	46	4.4300
12	47	4.6024
12	48	4.7332
12	49	4.8215
12	50	4.8675
12	51	4.8723
12	52	4.8382
12	53	4.7691
12	54	4.6705
12	55	4.5496
12	56	4.4146
12	57	4.2736
12	58	4.1325
12	59	3.9933
12	60	3.8538
12	61	3.7084
12	62	3.5509
12	63	3.3754
12	64	3.1788
12	65	2.9611
12	66	2.7262
12	67	2.4837
12	68	2.2492
12	69	2.0446
12	70	1.8930
12	71	1.8092
12	72	1.7911
12	73	1.8214
12	74	1.8780
12	75	1.9421
12	76	2.0015
12	77	2.0492
12	78	2.0817
12	79	2.0977
12	80	2.0980
12	81	2.0855
12	82	2.0666
12	83	2.0522
12	84	2.0589
12	85	2.1069
12	86	2.2159
12	87	2.3972
12	88	2.6489
12	89	2.9560
12	90	3.2966
12	91	3.6488
12	92	3.9942
12	93	4.3188
12	94	4.6128
12	95	4.8695
12	96	5.0842
12	97	5.2539
12	98	5.3764
12	99	5.4502
12	100	5.4744
12	101	5.4485
12	102	5.3723
12	103	5.2461
12	104	5.0704
12	105	4.8467
12	106	4.5769
12	107	4.2642
12	108	3.9130
12	109	3.5299
12	110	3.1236
12	111	2.7051
12	112	2.2871
12	113	1.8824
12	114	1.5024
12	115	1.1566
12	116	0.8524
12	117	0.5961
12	118	0.3924
12	119	0.2419
12	120	0.1394
12	121	0.0753
12	122	0.0384
12	123	0.0191
12	124	0.0103
12	127	0.0143
12	128	0.0230
12	129	0.0356
12	130	0.0524
12	131	0.0733
12	132	0.0971
12	133	0.1222
12	134	0.1460
12	135	0.1660
12	136	0.1796
12	137	0.1853
12	138	0.1820
12	139	0.1703
12	140	0.1515
12	141	0.1280
12	142	0.1025
12	143	0.0777
12	144	0.0557
12	145	0.0377
12	146	0.0241
12	147	0.0146
12	184	0.0113
12	185	0.0173
12	186	0.0250
12	187	0.0345
12	188	0.0452
12	189	0.0562
12	190	0.0663
12	191	0.0743
12	192	0.0789
12	193	0.0795
12	194	0.0759
12	195	0.0687
12	196	0.0589
12	197	0.0478
12	198	0.0366
12	199	0.0265
12	200	0.0180
12	201	0.0116
13	29	0.0214
13	30	0.0460
13	31	0.0929
13	32	0.1758
13	33	0.3097
13	34	0.5057
13	35	0.7651
13	36	1.0778
13	37	1.4277
13	38	1.7976
13	39	2.1733
13	40	2.5441
13	41	2.9017
13	42	3.2394
13	43	3.5518
13	44	3.8341
13	45	4.0823
13	46	4.2933
13	47	4.4644
13	48	4.5942
13	49	4.6818
13	50	4.7273
13	51	4.7321
13	52	4.6986
13	53	4.6308
13	54	4.5344
13	55	4.4167
13	56	4.2860
13	57	4.1500
13	58	4.0141
13	59	3.8798
13	60	3.7441
13	61	3.6013
13	62	3.4449
13	63	3.2691
13	64	3.0709
13	65	2.8504
13	66	2.6119
13	67	2.3649
13	68	2.1256
13	69	1.9162
13	70	1.7608
13	71	1.6751
13	72	1.6577
13	73	1.6916
13	74	1.7545
13	75	1.8273
13	76	1.8971
13	77	1.9561
13	78	2.0002
13	79	2.0272
13	80	2.0373
13	81	2.0331
13	82	2.0206
13	83	2.0113
13	84	2.0216
13	85	2.0724
13	86	2.1837
13	87	2.3675
13	88	2.6223
13	89	2.9335
13	90	3.2792
13	91	3.6372
13	92	3.9886
13	93	4.3193
13	94	4.6191
13	95	4.8812
13	96	5.1009
13	97	5.2751
13	98	5.4016
13	99	5.4790
13	100	5.5065
13	101	5.4836
13	102	5.4101
13	103	5.2863
13	104	5.1130
13	105	4.8915
13	106	4.6238
13	107	4.3132
13	108	3.9643
13	109	3.5837
13	110	3.1802
13	111	2.7648
13	112	2.3498
13	113	1.9474
13	114	1.5680
13	115	1.2198
13	116	0.9097
13	117	0.6442
13	118	0.4293
13	119	0.2675
13	120	0.1555
13	121	0.0847
13	122	0.0437
13	123	0.0223
13	124	0.0129
13	125	0.0111
13	126	0.0148
13	127	0.0236
13	128	0.0379
13	129	0.0584
13	130	0.0853
13	131	0.1180
13	132	0.1548
13	133	0.1926
13	134	0.2279
13	135	0.2569
13	136	0.2762
13	137	0.2836
13	138	0.2782
13	139	0.2605
13	140	0.2325
13	141	0.1974
13	142	0.1590
13	143	0.1213
13	144	0.0875
13	145	0.0597
13	146	0.0385
13	147	0.0235
13	148	0.0136
13	183	0.0144
13	184	0.0226
13	185	0.0340
13	186	0.0488
13	187	0.0667
13	188	0.0865
13	189	0.1066
13	190	0.1248
13	191	0.1388
13	192	0.1467
13	193	0.1474
13	194	0.1407
13	195	0.1275
13	196	0.1096
13	197	0.0891
13	198	0.0684
13	199	0.0496
13	200	0.0339
13	201	0.0218
13	202	0.0133
14	29	0.0169
14	30	0.0366
14	31	0.0745
14	32	0.1427
14	33	0.2556
14	34	0.4258
14	35	0.6584
14	36	0.9477
14	37	1.2796
14	38	1.6371
14	39	2.0048
14	40	2.3703
14	41	2.7242
14	42	3.0591
14	43	3.3692
14	44	3.6495
14	45	3.8960
14	46	4.1054
14	47	4.2752
14	48	4.4040
14	49	4.4910
14	50	4.5363
14	51	4.5414
14	52	4.5089
14	53	4.4430
14	54	4.3496
14	55	4.2361
14	56	4.1106
14	57	3.9807
14	58	3.8511
14	59	3.7226
14	60	3.5917
14	61	3.4522
14	62	3.2975
14	63	3.1220
14	64	2.9227
14	65	2.7000
14	66	2.4583
14	67	2.2075
14	68	1.9639
14	69	1.7505
14	70	1.5918
14	71	1.5046
14	72	1.4882
14	73	1.5261
14	74	1.5959
14	75	1.6781
14	76	1.7590
14	77	1.8302
14	78	1.8865
14	79	1.9252
14	80	1.9459
14	81	1.9510
14	82	1.9468
14	83	1.9448
14	84	1.9615
14	85	2.0174
14	86	2.1324
14	87	2.3183
14	88	2.5746
14	89	2.8876
14	90	3.2364
14	91	3.5986
14	92	3.9553
14	93	4.2916
14	94	4.5973
14	95	4.8650
14	96	5.0901
14	97	5.2692
14	98	5.4004
14	99	5.4821
14	100	5.5135
14	101	5.4942
14	102	5.4242
14	103	5.3036
14	104	5.1333
14	105	4.9147
14	106	4.6497
14	107	4.3417
14	108	3.9954
14	109	3.6172
14	110	3.2160
14	111	2.8028
14	112	2.3896
14	113	1.9883
14	114	1.6089
14	115	1.2591
14	116	0.9454
14	117	0.6744
14	118	0.4528
14	119	0.2841
14	120	0.1662
14	121	0.0910
14	122	0.0474
14	123	0.0250
14	124	0.0159
14	125	0.0157
14	126	0.0226
14	127	0.0367
14	128	0.0588
14	129	0.0899
14	130	0.1301
14	131	0.1780
14	132	0.2306
14	133	0.2835
14	134	0.3318
14	135	0.3706
14	136	0.3958
14	137	0.4048
14	138	0.3965
14	139	0.3719
14	140	0.3333
14	141	0.2847
14	142	0.2312
14	143	0.1781
14	144	0.1298
14	145	0.0895
14	146	0.0584
14	147	0.0362
14	148	0.0213
14	149	0.0120
14	181	0.0104
14	182	0.0171
14	183	0.0275
14	184	0.0427
14	185	0.0633
14	186	0.0897
14	187	0.1208
14	188	0.1548
14	189	0.1886
14	190	0.2185
14	191	0.2410
14	192	0.2534
14	193	0.2539
14	194	0.2424
14	195	0.2202
14	196	0.1900
14	197	0.1553
14	198	0.1200
14	199	0.0875
14	200	0.0601
14	201	0.0388
14	202	0.0236
14	203	0.0135
15	29	0.0126
15	30	0.0275
15	31	0.0565
15	32	0.1097
15	33	0.1999
15	34	0.3405
15	35	0.5401
15	36	0.7980
15	37	1.1040
15	38	1.4422
15	39	1.7966
15	40	2.1531
15	41	2.5009
15	42	2.8315
15	43	3.1382
15	44	3.4159
15	45	3.6602
15	46	3.8678
15	47	4.0364
15	48	4.1642
15	49	4.2507
15	50	4.2961
15	51	4.3020
15	52	4.2710
15	53	4.2077
15	54	4.1181
15	55	4.0097
15	56	3.8906
15	57	3.7679
15	58	3.6458
15	59	3.5240
15	60	3.3987
15	61	3.2633
15	62	3.1110
15	63	2.9365
15	64	2.7370
15	65	2.5130
15	66	2.2693
15	67	2.0160
15	68	1.7698
15	69	1.5539
15	70	1.3934
15	71	1.3057
15	72	1.2908
15	73	1.3327
15	74	1.4093
15	75	1.5008
15	76	1.5928
15	77	1.6760
15	78	1.7445
15	79	1.7951
15	80	1.8269
15	81	1.8426
15	82	1.8487
15	83	1.8566
15	84	1.8827
15	85	1.9465
15	86	2.0664
15	87	2.2539
15	88	2.5094
15	89	2.8214
15	90	3.1705
15	91	3.5351
15	92	3.8959
15	93	4.2374
15	94	4.5488
15	95	4.8224
15	96	5.0531
15	97	5.2377
15	98	5.3739
15	99	5.4605
15	100	5.4965
15	101	5.4815
15	102	5.4155
15	103	5.2989
15	104	5.1324
15	105	4.9173
15	106	4.6557
15	107	4.3508
15	108	4.0071
15	109	3.6313
15	110	3.2319
15	111	2.8197
15	112	2.4070
15	113	2.0055
15	114	1.6254
15	115	1.2744
15	116	0.9590
15	117	0.6859
15	118	0.4617
15	119	0.2906
15	120	0.1705
15	121	0.0938
15	122	0.0495
15	123	0.0271
15	124	0.0191
15	125	0.0215
15	126	0.0328
15	127	0.0539
15	128	0.0860
15	129	0.1302
15	130	0.1863
15	131	0.2515
15	132	0.3216
15	133	0.3904
15	134	0.4518
15	135	0.5000
15	136	0.5305
15	137	0.5405
15	138	0.5292
15	139	0.4973
15	140	0.4480
15	141	0.3857
15	142	0.3164
15	143	0.2465
15	144	0.1821
15	145	0.1275
15	146	0.0846
15	147	0.0534
15	148	0.0322
15	149	0.0187
15	150	0.0104
15	180	0.0121
15	181	0.0198
15	182	0.0319
15	183	0.0502
15	184	0.0763
15	185	0.1113
15	186	0.1548
15	187	0.2051
15	188	0.2585
15	189	0.3102
15	190	0.3549
15	191	0.3878
15	192	0.4052
15	193	0.4049
15	194	0.3869
15	195	0.3529
15	196	0.3064
15	197	0.2525
15	198	0.1969
15	199	0.1447
15	200	0.1001
15	201	0.0650
15	202	0.0397
15	203	0.0228
15	204	0.0123
16	30	0.0195
16	31	0.0406
16	32	0.0797
16	33	0.1479
16	34	0.2577
16	35	0.4201
16	36	0.6394
16	37	0.9107
16	38	1.2214
16	39	1.5555
16	40	1.8979
16	41	2.2358
16	42	2.5595
16	43	2.8613
16	44	3.1353
16	45	3.3769
16	46	3.5825
16	47	3.7496
16	48	3.8766
16	49	3.9628
16	50	4.0087
16	51	4.0157
16	52	3.9870
16	53	3.9270
16	54	3.8422
16	55	3.7400
16	56	3.6284
16	57	3.5140
16	58	3.4003
16	59	3.2863
16	60	3.1674
16	61	3.0368
16	62	2.8879
16	63	2.7153
16	64	2.5168
16	65	2.2931
16	66	2.0493
16	67	1.7960
16	68	1.5501
16	69	1.3349
16	70	1.1755
16	71	1.0891
16	72	1.0761
16	73	1.1216
16	74	1.2039
16	75	1.3034
16	76	1.4052
16	77	1.4993
16	78	1.5792
16	79	1.6411
16	80	1.6844
16	81	1.7118
16	82	1.7301
16	83	1.7509
16	84	1.7895
16	85	1.8635
16	86	1.9891
16	87	2.1769
16	88	2.4289
16	89	2.7366
16	90	3.0831
16	91	3.4480
16	92	3.8116
16	93	4.1577
16	94	4.4746
16	95	4.7540
16	96	4.9907
16	97	5.1810
16	98	5.3228
16	99	5.4147
16	100	5.4557
16	101	5.4457
16	102	5.3844
16	103	5.2723
16	104	5.1102
16	105	4.8992
16	106	4.6416
16	107	4.3402
16	108	3.9996
16	109	3.6262
16	110	3.2282
16	111	2.8165
16	112	2.4032
16	113	2.0004
16	114	1.6189
16	115	1.2669
16	116	0.9514
16	117	0.6792
16	118	0.4566
16	119	0.2871
16	120	0.1685
16	121	0.0930
16	122	0.0497
16	123	0.0286
16	124	0.0227
16	125	0.0284
16	126	0.0452
16	127	0.0746
16	128	0.1183
16	129	0.1774
16	130	0.2505
16	131	0.3338
16	132	0.4211
16	133	0.5050
16	134	0.5782
16	135	0.6345
16	136	0.6693
16	137	0.6799
16	138	0.6654
16	139	0.6271
16	140	0.5680
16	141	0.4932
16	142	0.4092
16	143	0.3235
16	144	0.2430
16	145	0.1735
16	146	0.1178
16	147	0.0764
16	148	0.0475
16	149	0.0285
16	150	0.0166
16	179	0.0145
16	180	0.0228
16	181	0.0362
16	182	0.0567
16	183	0.0870
16	184	0.1292
16	185	0.1841
16	186	0.2506
16	187	0.3251
16	188	0.4018
16	189	0.4739
16	190	0.5346
16	191	0.5780
16	192	0.6000
16	193	0.5982
16	194	0.5725
16	195	0.5248
16	196	0.4596
16	197	0.3828
16	198	0.3019
16	199	0.2245
16	200	0.1568
16	201	0.1027
16	202	0.0630
16	203	0.0363
16	204	0.0196
17	30	0.0131
17	31	0.0275
17	32	0.0547
17	33	0.1033
17	34	0.1840
17	35	0.3083
17	36	0.4844
17	37	0.7130
17	38	0.9865
17	39	1.2914
17	40	1.6123
17	41	1.9351
17	42	2.2481
17	43	2.5424
17	44	2.8110
17	45	3.0488
17	46	3.2518
17	47	3.4172
17	48	3.5434
17	49	3.6296
17	50	3.6762
17	51	3.6851
17	52	3.6593
17	53	3.6036
17	54	3.5245
17	55	3.4296
17	56	3.3266
17	57	3.2216
17	58	3.1172
17	59	3.0117
17	60	2.8999
17	61	2.7751
17	62	2.6304
17	63	2.4612
17	64	2.2654
17	65	2.0443
17	66	1.8036
17	67	1.5542
17	68	1.3134
17	69	1.1042
17	70	0.9506
17	71	0.8683
17	72	0.8580
17	73	0.9057
17	74	0.9912
17	75	1.0958
17	76	1.2046
17	77	1.3072
17	78	1.3965
17	79	1.4688
17	80	1.5235
17	81	1.5636
17	82	1.5963
17	83	1.6324
17	84	1.6858
17	85	1.7713
17	86	1.9023
17	87	2.0887
17	88	2.3342
17	89	2.6341
17	90	2.9751
17	91	3.3381
17	92	3.7032
17	93	4.0532
17	94	4.3753
17	95	4.6606
17	96	4.9033
17	97	5.0996
17	98	5.2472
17	99	5.3447
17	100	5.3912
17	101	5.3865
17	102	5.3304
17	103	5.2233
17	104	5.0661
17	105	4.8599
17	106	4.6067
17	107	4.3094
17	108	3.9724
17	109	3.6016
17	110	3.2052
17	111	2.7938
17	112	2.3795
17	113	1.9751
17	114	1.5920
17	115	1.2396
17	116	0.9256
17	117	0.6569
17	118	0.4392
17	119	0.2750
17	120	0.1611
17	121	0.0891
17	122	0.0484
17	123	0.0296
17	124	0.0263
17	125	0.0360
17	126	0.0590
17	127	0.0974
17	128	0.1534
17	129	0.2275
17	130	0.3175
17	131	0.4177
17	132	0.5204
17	133	0.6171
17	134	0.7000
17	135	0.7626
17	136	0.8006
17	137	0.8113
17	138	0.7943
17	139	0.7509
17	140	0.6843
17	141	0.5997
17	142	0.5040
17	143	0.4050
17	144	0.3106
17	145	0.2273
17	146	0.1589
17	147	0.1065
17	148	0.0688
17	149	0.0430
17	150	0.0261
17	151	0.0155
17	177	0.0124
17	178	0.0181
17	179	0.0271
17	180	0.0412
17	181	0.0631
17	182	0.0960
17	183	0.1431
17	184	0.2066
17	185	0.2867
17	186	0.3803
17	187	0.4815
17	188	0.5824
17	189	0.6744
17	190	0.7498
17	191	0.8023
17	192	0.8275
17	193	0.8233
17	194	0.7893
17	195	0.7278
17	196	0.6432
17	197	0.5422
17	198	0.4335
17	199	0.3270
17	200	0.2314
17	201	0.1532
17	202	0.0948
17	203	0.0548
17	204	0.0297
17	205	0.0151
18	31	0.0177
18	32	0.0355
18	33	0.0681
18	34	0.1237
18	35	0.2127
18	36	0.3448
18	37	0.5255
18	38	0.7530
18	39	1.0185
18	40	1.3084
18	41	1.6082
18	42	1.9048
18	43	2.1875
18	44	2.4481
18	45	2.6803
18	46	2.8796
18	47	3.0428
18	48	3.1679
18	49	3.2541
18	50	3.3019
18	51	3.3131
18	52	3.2910
18	53	3.2406
18	54	3.1683
18	55	3.0818
18	56	2.9885
18	57	2.8937
18	58	2.7993
18	59	2.7029
18	60	2.5990
18	61	2.4807
18	62	2.3417
18	63	2.1776
18	64	1.9870
18	65	1.7720
18	66	1.5388
18	67	1.2991
18	68	1.0704
18	69	0.8745
18	70	0.7328
18	71	0.6587
18	72	0.6517
18	73	0.6997
18	74	0.7848
18	75	0.8901
18	76	1.0016
18	77	1.1089
18	78	1.2049
18	79	1.2858
18	80	1.3514
18	81	1.4050
18	82	1.4534
18	83	1.5065
18	84	1.5756
18	85	1.6724
18	86	1.8074
18	87	1.9897
18	88	2.2254
18	89	2.5142
18	90	2.8467
18	91	3.2058
18	92	3.5711
18	93	3.9243
18	94	4.2513
18	95	4.5424
18	96	4.7911
18	97	4.9934
18	98	5.1470
18	99	5.2503
18	100	5.3025
18	101	5.3033
18	102	5.2527
18	103	5.1511
18	104	4.9992
18	105	4.7982
18	106	4.5500
18	107	4.2574
18	108	3.9246
18	109	3.5571
18	110	3.1631
18	111	2.7526
18	112	2.3379
18	113	1.9323
18	114	1.5483
18	115	1.1965
18	116	0.8857
18	117	0.6230
18	118	0.4130
18	119	0.2568
18	120	0.1498
18	121	0.0831
18	122	0.0461
18	123	0.0301
18	124	0.0299
18	125	0.0437
18	126	0.0728
18	127	0.1201
18	128	0.1877
18	129	0.2757
18	130	0.3805
18	131	0.4950
18	132	0.6102
18	133	0.7168
18	134	0.8069
18	135	0.8741
18	136	0.9143
18	137	0.9253
18	138	0.9069
18	139	0.8604
18	140	0.7894
18	141	0.6990
18	142	0.5959
18	143	0.4882
18	144	0.3837
18	145	0.2893
18	146	0.2096
18	147	0.1462
18	148	0.0986
18	149	0.0644
18	150	0.0409
18	151	0.0253
18	152	0.0154
18	175	0.0129
18	176	0.0173
18	177	0.0237
18	178	0.0335
18	179	0.0483
18	180	0.0711
18	181	0.1051
18	182	0.1545
18	183	0.2229
18	184	0.3119
18	185	0.4199
18	186	0.5417
18	187	0.6687
18	188	0.7913
18	189	0.9000
18	190	0.9869
18	191	1.0458
18	192	1.0725
18	193	1.0649
18	194	1.0230
18	195	0.9485
18	196	0.8458
18	197	0.7216
18	198	0.5854
18	199	0.4484
18	200	0.3222
18	201	0.2161
18	202	0.1350
18	203	0.0786
18	204	0.0428
18	205	0.0218
18	206	0.0104
19	31	0.0107
19	32	0.0218
19	33	0.0424
19	34	0.0784
19	35	0.1378
19	36	0.2299
19	37	0.3622
19	38	0.5382
19	39	0.7549
19	40	1.0031
19	41	1.2698
19	42	1.5417
19	43	1.8065
19	44	2.0545
19	45	2.2780
19	46	2.4716
19	47	2.6313
19	48	2.7547
19	49	2.8409
19	50	2.8901
19	51	2.9042
19	52	2.8865
19	53	2.8422
19	54	2.7778
19	55	2.7007
19	56	2.6179
19	57	2.5341
19	58	2.4502
19	59	2.3635
19	60	2.2682
19	61	2.1576
19	62	2.0259
19	63	1.8694
19	64	1.6875
19	65	1.4832
19	66	1.2638
19	67	1.0415
19	68	0.8335
19	69	0.6594
19	70	0.5368
19	71	0.4750
19	72	0.4725
19	73	0.5187
19	74	0.5995
19	75	0.7004
19	76	0.8094
19	77	0.9167
19	78	1.0157
19	79	1.1030
19	80	1.1784
19	81	1.2453
19	82	1.3098
19	83	1.3797
19	84	1.4635
19	85	1.5694
19	86	1.7053
19	87	1.8802
19	88	2.1027
19	89	2.3772
19	90	2.6987
19	91	3.0519
19	92	3.4162
19	93	3.7719
19	94	4.1034
19	95	4.3999
19	96	4.6544
19	97	4.8627
19	98	5.0221
19	99	5.1312
19	100	5.1892
19	101	5.1957
19	102	5.1507
19	103	5.0548
19	104	4.9085
19	105	4.7132
19	106	4.4707
19	107	4.1835
19	108	3.8557
19	109	3.4927
19	110	3.1022
19	111	2.6940
19	112	2.2805
19	113	1.8754
19	114	1.4921
19	115	1.1427
19	116	0.8371
19	117	0.5823
19	118	0.3821
19	119	0.2357
19	120	0.1368
19	121	0.0760
19	122	0.0432
19	123	0.0302
19	124	0.0330
19	125	0.0506
19	126	0.0852
19	127	0.1400
19	128	0.2174
19	129	0.3167
19	130	0.4330
19	131	0.5582
19	132	0.6824
19	133	0.7961
19	134	0.8911
19	135	0.9615
19	136	1.0036
19	137	1.0155
19	138	0.9973
19	139	0.9507
19	140	0.8791
19	141	0.7877
19	142	0.6829
19	143	0.5721
19	144	0.4626
19	145	0.3611
19	146	0.2723
19	147	0.1984
19	148	0.1399
19	149	0.0956
19	150	0.0633
19	151	0.0408
19	152	0.0258
19	153	0.0161
19	154	0.0101
19	172	0.0115
19	173	0.0151
19	174	0.0195
19	175	0.0251
19	176	0.0326
19	177	0.0434
19	178	0.0591
19	179	0.0823
19	180	0.1166
19	181	0.1664
19	182	0.2360
19	183	0.3287
19	184	0.4448
19	185	0.5803
19	186	0.7275
19	187	0.8762
19	188	1.0157
19	189	1.1365
19	190	1.2308
19	191	1.2931
19	192	1.3195
19	193	1.3081
19	194	1.2586
19	195	1.1727
19	196	1.0542
19	197	0.9096
19	198	0.7481
19	199	0.5819
19	200	0.4248
19	201	0.2891
19	202	0.1827
19	203	0.1073
19	204	0.0586
19	205	0.0299
19	206	0.0143
20	32	0.0127
20	33	0.0249
20	34	0.0468
20	35	0.0839
20	36	0.1433
20	37	0.2325
20	38	0.3576
20	39	0.5206
20	40	0.7177
20	41	0.9405
20	42	1.1770
20	43	1.4149
20	44	1.6433
20	45	1.8531
20	46	2.0373
20	47	2.1912
20	48	2.3115
20	49	2.3969
20	50	2.4473
20	51	2.4646
20	52	2.4521
20	53	2.4148
20	54	2.3593
20	55	2.2926
20	56	2.2210
20	57	2.1487
20	58	2.0759
20	59	1.9994
20	60	1.9135
20	61	1.8120
20	62	1.6899
20	63	1.5444
20	64	1.3758
20	65	1.1884
20	66	0.9904
20	67	0.7943
20	68	0.6161
20	69	0.4719
20	70	0.3743
20	71	0.3284
20	72	0.3315
20	73	0.3753
20	74	0.4489
20	75	0.5415
20	76	0.6432
20	77	0.7460
20	78	0.8441
20	79	0.9347
20	80	1.0178
20	81	1.0963
20	82	1.1748
20	83	1.2590
20	84	1.3540
20	85	1.4648
20	86	1.5975
20	87	1.7612
20	88	1.9672
20	89	2.2244
20	90	2.5323
20	91	2.8777
20	92	3.2399
20	93	3.5973
20	94	3.9327
20	95	4.2342
20	96	4.4942
20	97	4.7081
20	98	4.8731
20	99	4.9878
20	100	5.0514
20	101	5.0635
20	102	5.0244
20	103	4.9342
20	104	4.7940
20	105	4.6048
20	106	4.3684
20	107	4.0876
20	108	3.7659
20	109	3.4087
20	110	3.0234
20	111	2.6197
20	112	2.2098
20	113	1.8077
20	114	1.4278
20	115	1.0834
20	116	0.7851
20	117	0.5400
20	118	0.3507
20	119	0.2146
20	120	0.1242
20	121	0.0694
20	122	0.0404
20	123	0.0302
20	124	0.0353
20	125	0.0559
20	126	0.0945
20	127	0.1548
20	128	0.2390
20	129	0.3458
20	130	0.4697
20	131	0.6017
20	132	0.7315
20	133	0.8494
20	134	0.9477
20	135	1.0206
20	136	1.0649
20	137	1.0791
20	138	1.0636
20	139	1.0205
20	140	0.9532
20	141	0.8664
20	142	0.7660
20	143	0.6583
20	144	0.5496
20	145	0.4454
20	146	0.3500
20	147	0.2664
20	148	0.1961
20	149	0.1396
20	150	0.0962
20	151	0.0644
20	152	0.0423
20	153	0.0276
20	154	0.0182
20	155	0.0123
20	170	0.0120
20	171	0.0167
20	172	0.0224
20	173	0.0289
20	174	0.0367
20	175	0.0462
20	176	0.0584
20	177	0.0752
20	178	0.0989
20	179	0.1330
20	180	0.1818
20	181	0.2498
20	182	0.3416
20	183	0.4590
20	184	0.6005
20	185	0.7598
20	186	0.9273
20	187	1.0918
20	188	1.2426
20	189	1.3706
20	190	1.4686
20	191	1.5317
20	192	1.5562
20	193	1.5405
20	194	1.4841
20	195	1.3884
20	196	1.2567
20	197	1.0948
20	198	0.9115
20	199	0.7194
20	200	0.5332
20	201	0.3682
20	202	0.2356
20	203	0.1395
20	204	0.0767
20	205	0.0392
20	206	0.0188
21	33	0.0139
21	34	0.0264
21	35	0.0481
21	36	0.0837
21	37	0.1391
21	38	0.2203
21	39	0.3317
21	40	0.4743
21	41	0.6448
21	42	0.8354
21	43	1.0358
21	44	1.2351
21	45	1.4234
21	46	1.5925
21	47	1.7363
21	48	1.8507
21	49	1.9336
21	50	1.9845
21	51	2.0049
21	52	1.9979
21	53	1.9684
21	54	1.9226
21	55	1.8670
21	56	1.8074
21	57	1.7471
21	58	1.6857
21	59	1.6200
21	60	1.5448
21	61	1.4545
21	62	1.3450
21	63	1.2147
21	64	1.0653
21	65	0.9018
21	66	0.7333
21	67	0.5717
21	68	0.4304
21	69	0.3212
21	70	0.2518
21	71	0.2238
21	72	0.2341
21	73	0.2764
21	74	0.3430
21	75	0.4261
21	76	0.5183
21	77	0.6134
21	78	0.7069
21	79	0.7970
21	80	0.8839
21	81	0.9699
21	82	1.0579
21	83	1.1510
21	84	1.2513
21	85	1.3613
21	86	1.4860
21	87	1.6346
21	88	1.8210
21	89	2.0583
21	90	2.3503
21	91	2.6863
21	92	3.0450
21	93	3.4031
21	94	3.7417
21	95	4.0475
21	96	4.3123
21	97	4.5313
21	98	4.7015
21	99	4.8214
21	100	4.8903
21	101	4.9079
21	102	4.8744
21	103	4.7903
21	104	4.6562
21	105	4.4736
21	106	4.2441
21	107	3.9703
21	108	3.6560
21	109	3.3062
21	110	2.9282
21	111	2.5314
21	112	2.1281
21	113	1.7324
21	114	1.3594
21	115	1.0229
21	116	0.7343
21	117	0.5004
21	118	0.3226
21	119	0.1966
21	120	0.1140
21	121	0.0644
21	122	0.0386
21	123	0.0304
21	124	0.0370
21	125	0.0590
21	126	0.0997
21	127	0.1627
21	128	0.2501
21	129	0.3603
21	130	0.4875
21	131	0.6224
21	132	0.7546
21	133	0.8747
21	134	0.9751
21	135	1.0507
21	136	1.0984
21	137	1.1172
21	138	1.1080
21	139	1.0729
21	140	1.0151
21	141	0.9390
21	142	0.8493
21	143	0.7506
21	144	0.6478
21	145	0.5447
21	146	0.4452
21	147	0.3525
21	148	0.2698
21	149	0.1992
21	150	0.1423
21	151	0.0988
21	152	0.0675
21	153	0.0461
21	154	0.0319
21	155	0.0226
21	156	0.0163
21	157	0.0119
21	168	0.0101
21	169	0.0154
21	170	0.0224
21	171	0.0310
21	172	0.0410
21	173	0.0524
21	174	0.0652
21	175	0.0803
21	176	0.0988
21	177	0.1233
21	178	0.1568
21	179	0.2035
21	180	0.2681
21	181	0.3553
21	182	0.4686
21	183	0.6084
21	184	0.7710
21	185	0.9483
21	186	1.1297
21	187	1.3041
21	188	1.4610
21	189	1.5920
21	190	1.6907
21	191	1.7523
21	192	1.7739
21	193	1.7535
21	194	1.6908
21	195	1.5868
21	196	1.4441
21	197	1.2681
21	198	1.0669
21	199	0.8526
21	200	0.6408
21	201	0.4487
21	202	0.2906
21	203	0.1737
21	204	0.0960
21	205	0.0492
21	206	0.0236
21	207	0.0106
22	34	0.0141
22	35	0.0260
22	36	0.0459
22	37	0.0777
22	38	0.1259
22	39	0.1950
22	40	0.2879
22	41	0.4053
22	42	0.5440
22	43	0.6978
22	44	0.8580
22	45	1.0153
22	46	1.1613
22	47	1.2888
22	48	1.3927
22	49	1.4700
22	50	1.5195
22	51	1.5421
22	52	1.5405
22	53	1.5192
22	54	1.4837
22	55	1.4400
22	56	1.3928
22	57	1.3447
22	58	1.2952
22	59	1.2412
22	60	1.1781
22	61	1.1014
22	62	1.0082
22	63	0.8981
22	64	0.7737
22	65	0.6409
22	66	0.5083
22	67	0.3862
22	68	0.2845
22	69	0.2108
22	70	0.1690
22	71	0.1592
22	72	0.1784
22	73	0.2222
22	74	0.2850
22	75	0.3610
22	76	0.4446
22	77	0.5311
22	78	0.6176
22	79	0.7032
22	80	0.7885
22	81	0.8754
22	82	0.9656
22	83	1.0599
22	84	1.1582
22	85	1.2613
22	86	1.3731
22	87	1.5034
22	88	1.6678
22	89	1.8831
22	90	2.1574
22	91	2.4823
22	92	2.8361
22	93	3.1937
22	94	3.5343
22	95	3.8434
22	96	4.1122
22	97	4.3353
22	98	4.5100
22	99	4.6346
22	100	4.7084
22	101	4.7313
22	102	4.7033
22	103	4.6251
22	104	4.4975
22	105	4.3217
22	106	4.0997
22	107	3.8339
22	108	3.5280
22	109	3.1872
22	110	2.8184
22	111	2.4312
22	112	2.0377
22	113	1.6520
22	114	1.2894
22	115	0.9643
22	116	0.6880
22	117	0.4667
22	118	0.3005
22	119	0.1839
22	120	0.1080
22	121	0.0624
22	122	0.0388
22	123	0.0314
22	124	0.0383
22	125	0.0603
22	126	0.1008
22	127	0.1635
22	128	0.2503
22	129	0.3598
22	130	0.4862
22	131	0.6204
22	132	0.7525
22	133	0.8734
22	134	0.9758
22	135	1.0549
22	136	1.1083
22	137	1.1353
22	138	1.1368
22	139	1.1148
22	140	1.0723
22	141	1.0125
22	142	0.9386
22	143	0.8535
22	144	0.7599
22	145	0.6605
22	146	0.5585
22	147	0.4575
22	148	0.3620
22	149	0.2763
22	150	0.2040
22	151	0.1469
22	152	0.1045
22	153	0.0747
22	154	0.0542
22	155	0.0402
22	156	0.0302
22	157	0.0226
22	158	0.0166
22	159	0.0118
22	167	0.0112
22	168	0.0179
22	169	0.0273
22	170	0.0395
22	171	0.0542
22	172	0.0710
22	173	0.0894
22	174	0.1094
22	175	0.1316
22	176	0.1577
22	177	0.1907
22	178	0.2346
22	179	0.2940
22	180	0.3740
22	181	0.4788
22	182	0.6106
22	183	0.7682
22	184	0.9460
22	185	1.1352
22	186	1.3247
22	187	1.5037
22	188	1.6626
22	189	1.7935
22	190	1.8904
22	191	1.9492
22	192	1.9669
22	193	1.9418
22	194	1.8733
22	195	1.7620
22	196	1.6104
22	197	1.4229
22	198	1.2072
22	199	0.9748
22	200	0.7414
22	201	0.5256
22	202	0.3443
22	203	0.2076
22	204	0.1153
22	205	0.0594
22	206	0.0285
22	207	0.0128
23	35	0.0133
23	36	0.0237
23	37	0.0407
23	38	0.0671
23	39	0.1062
23	40	0.1608
23	41	0.2330
23	42	0.3228
23	43	0.4278
23	44	0.5430
23	45	0.6616
23	46	0.7762
23	47	0.8800
23	48	0.9674
23	49	1.0344
23	50	1.0794
23	51	1.1023
23	52	1.1053
23	53	1.0919
23	54	1.0668
23	55	1.0350
23	56	1.0003
23	57	0.9645
23	58	0.9272
23	59	0.8856
23	60	0.8361
23	61	0.7754
23	62	0.7018
23	63	0.6160
23	64	0.5211
23	65	0.4228
23	66	0.3282
23	67	0.2451
23	68	0.1802
23	69	0.1380
23	70	0.1206
23	71	0.1277
23	72	0.1575
23	73	0.2065
23	74	0.2704
23	75	0.3440
23	76	0.4224
23	77	0.5018
23	78	0.5803
23	79	0.6577
23	80	0.7356
23	81	0.8158
23	82	0.8996
23	83	0.9865
23	84	1.0753
23	85	1.1657
23	86	1.2609
23	87	1.3707
23	88	1.5119
23	89	1.7045
23	90	1.9601
23	91	2.2726
23	92	2.6201
23	93	2.9757
23	94	3.3167
23	95	3.6277
23	96	3.8991
23	97	4.1253
23	98	4.3035
23	99	4.4320
23	100	4.5101
23	101	4.5377
23	102	4.5151
23	103	4.4427
23	104	4.3216
23	105	4.1530
23	106	3.9388
23	107	3.6816
23	108	3.3851
23	109	3.0544
23	110	2.6966
23	111	2.3212
23	112	1.9402
23	113	1.5678
23	114	1.2195
23	115	0.9093
23	116	0.6481
23	117	0.4410
23	118	0.2867
23	119	0.1788
23	120	0.1082
23	121	0.0653
23	122	0.0423
23	123	0.0345
23	124	0.0403
23	125	0.0608
23	126	0.0991
23	127	0.1588
23	128	0.2418
23	129	0.3470
23	130	0.4690
23	131	0.5997
23	132	0.7299
23	133	0.8509
23	134	0.9561
23	135	1.0410
23	136	1.1035
23	137	1.1429
23	138	1.1601
23	139	1.1565
23	140	1.1341
23	141	1.0947
23	142	1.0396
23	143	0.9699
23	144	0.8868
23	145	0.7920
23	146	0.6882
23	147	0.5795
23	148	0.4717
23	149	0.3710
23	150	0.2831
23	151	0.2115
23	152	0.1569
23	153	0.1173
23	154	0.0892
23	155	0.0689
23	156	0.0534
23	157	0.0408
23	158	0.0304
23	159	0.0219
23	160	0.0150
23	166	0.0114
23	167	0.0189
23	168	0.0302
23	169	0.0457
23	170	0.0656
23	171	0.0892
23	172	0.1155
23	173	0.1435
23	174	0.1725
23	175	0.2030
23	176	0.2371
23	177	0.2783
23	178	0.3313
23	179	0.4016
23	180	0.4942
23	181	0.6129
23	182	0.7584
23	183	0.9282
23	184	1.1156
23	185	1.3112
23	186	1.5040
23	187	1.6839
23	188	1.8416
23	189	1.9701
23	190	2.0638
23	191	2.1188
23	192	2.1321
23	193	2.1021
23	194	2.0282
23	195	1.9106
23	196	1.7516
23	197	1.5549
23	198	1.3277
23	199	1.0809
23	200	0.8301
23	201	0.5945
23	202	0.3932
23	203	0.2389
23	204	0.1334
23	205	0.0688
23	206	0.0330
23	207	0.0148
24	36	0.0116
24	37	0.0201
24	38	0.0336
24	39	0.0539
24	40	0.0831
24	41	0.1231
24	42	0.1749
24	43	0.2382
24	44	0.3110
24	45	0.3896
24	46	0.4691
24	47	0.5441
24	48	0.6097
24	49	0.6619
24	50	0.6987
24	51	0.7193
24	52	0.7249
24	53	0.7182
24	54	0.7026
24	55	0.6819
24	56	0.6588
24	57	0.6347
24	58	0.6090
24	59	0.5797
24	60	0.5444
24	61	0.5008
24	62	0.4484
24	63	0.3881
24	64	0.3231
24	65	0.2578
24	66	0.1977
24	67	0.1479
24	68	0.1128
24	69	0.0957
24	70	0.0981
24	71	0.1205
24	72	0.1619
24	73	0.2195
24	74	0.2888
24	75	0.3646
24	76	0.4418
24	77	0.5165
24	78	0.5871
24	79	0.6541
24	80	0.7198
24	81	0.7865
24	82	0.8560
24	83	0.9280
24	84	1.0010
24	85	1.0742
24	86	1.1503
24	87	1.2391
24	88	1.3580
24	89	1.5289
24	90	1.7662
24	91	2.0658
24	92	2.4057
24	93	2.7575
24	94	3.0971
24	95	3.4081
24	96	3.6804
24	97	3.9083
24	98	4.0887
24	99	4.2201
24	100	4.3017
24	101	4.3334
24	102	4.3156
24	103	4.2488
24	104	4.1340
24	105	3.9725
24	106	3.7663
24	107	3.5180
24	108	3.2313
24	109	2.9115
24	110	2.5658
24	111	2.2036
24	112	1.8373
24	113	1.4812
24	114	1.1506
24	115	0.8592
24	116	0.6164
24	117	0.4255
24	118	0.2838
24	119	0.1841
24	120	0.1175
24	121	0.0754
24	122	0.0514
24	123	0.0417
24	124	0.0451
24	125	0.0629
24	126	0.0976
24	127	0.1526
24	128	0.2296
24	129	0.3279
24	130	0.4432
24	131	0.5687
24	132	0.6960
24	133	0.8177
24	134	0.9275
24	135	1.0214
24	136	1.0969
24	137	1.1534
24	138	1.1907
24	139	1.2094
24	140	1.2098
24	141	1.1920
24	142	1.1557
24	143	1.1007
24	144	1.0271
24	145	0.9361
24	146	0.8306
24	147	0.7152
24	148	0.5965
24	149	0.4823
24	150	0.3800
24	151	0.2947
24	152	0.2281
24	153	0.1782
24	154	0.1412
24	155	0.1128
24	156	0.0897
24	157	0.0699
24	158	0.0527
24	159	0.0382
24	160	0.0264
24	161	0.0175
24	162	0.0116
24	165	0.0114
24	166	0.0184
24	167	0.0303
24	168	0.0480
24	169	0.0723
24	170	0.1028
24	171	0.1383
24	172	0.1769
24	173	0.2166
24	174	0.2559
24	175	0.2950
24	176	0.3361
24	177	0.3835
24	178	0.4427
24	179	0.5200
24	180	0.6207
24	181	0.7481
24	182	0.9020
24	183	1.0788
24	184	1.2709
24	185	1.4686
24	186	1.6614
24	187	1.8394
24	188	1.9941
24	189	2.1188
24	190	2.2083
24	191	2.2588
24	192	2.2675
24	193	2.2327
24	194	2.1537
24	195	2.0307
24	196	1.8654
24	197	1.6615
24	198	1.4253
24	199	1.1674
24	200	0.9030
24	201	0.6518
24	202	0.4344
24	203	0.2656
24	204	0.1489
24	205	0.0770
24	206	0.0370
24	207	0.0166
25	38	0.0158
25	39	0.0257
25	40	0.0401
25	41	0.0603
25	42	0.0873
25	43	0.1213
25	44	0.1620
25	45	0.2076
25	46	0.2556
25	47	0.3028
25	48	0.3456
25	49	0.3811
25	50	0.4072
25	51	0.4231
25	52	0.4291
25	53	0.4270
25	54	0.4188
25	55	0.4070
25	56	0.3935
25	57	0.3791
25	58	0.3633
25	59	0.3450
25	60	0.3225
25	61	0.2947
25	62	0.2615
25	63	0.2239
25	64	0.1844
25	65	0.1461
25	66	0.1125
25	67	0.0875
25	68	0.0741
25	69	0.0752
25	70	0.0930
25	71	0.1287
25	72	0.1818
25	73	0.2495
25	74	0.3269
25	75	0.4078
25	76	0.4865
25	77	0.5586
25	78	0.6222
25	79	0.6780
25	80	0.7287
25	81	0.7776
25	82	0.8276
25	83	0.8793
25	84	0.9320
25	85	0.9852
25	86	1.0416
25	87	1.1106
25	88	1.2099
25	89	1.3622
25	90	1.5836
25	91	1.8711
25	92	2.2026
25	93	2.5489
25	94	2.8850
25	95	3.1938
25	96	3.4650
25	97	3.6928
25	98	3.8739
25	99	4.0069
25	100	4.0909
25	101	4.1260
25	102	4.1123
25	103	4.0505
25	104	3.9415
25	105	3.7868
25	106	3.5883
25	107	3.3486
25	108	3.0716
25	109	2.7627
25	110	2.4292
25	111	2.0811
25	112	1.7311
25	113	1.3940
25	114	1.0848
25	115	0.8162
25	116	0.5956
25	117	0.4236
25	118	0.2957
25	119	0.2037
25	120	0.1396
25	121	0.0963
25	122	0.0693
25	123	0.0559
25	124	0.0558
25	125	0.0701
25	126	0.1010
25	127	0.1510
25	128	0.2216
25	129	0.3125
25	130	0.4205
25	131	0.5403
25	132	0.6653
25	133	0.7891
25	134	0.9060
25	135	1.0121
25	136	1.1045
25	137	1.1814
25	138	1.2414
25	139	1.2833
25	140	1.3058
25	141	1.3075
25	142	1.2872
25	143	1.2438
25	144	1.1774
25	145	1.0890
25	146	0.9817
25	147	0.8607
25	148	0.7334
25	149	0.6085
25	150	0.4946
25	151	0.3978
25	152	0.3204
25	153	0.2605
25	154	0.2139
25	155	0.1758
25	156	0.1427
25	157	0.1129
25	158	0.0861
25	159	0.0627
25	160	0.0435
25	161	0.0290
25	162	0.0192
25	163	0.0139
25	164	0.0132
25	165	0.0176
25	166	0.0281
25	167	0.0459
25	168	0.0724
25	169	0.1080
25	170	0.1521
25	171	0.2023
25	172	0.2554
25	173	0.3080
25	174	0.3578
25	175	0.4046
25	176	0.4506
25	177	0.5008
25	178	0.5619
25	179	0.6411
25	180	0.7444
25	181	0.8750
25	182	1.0323
25	183	1.2115
25	184	1.4045
25	185	1.6016
25	186	1.7922
25	187	1.9669
25	188	2.1175
25	189	2.2377
25	190	2.3224
25	191	2.3681
25	192	2.3721
25	193	2.3327
25	194	2.2490
25	195	2.1212
25	196	1.9507
25	197	1.7408
25	198	1.4978
25	199	1.2316
25	200	0.9573
25	201	0.6948
25	202	0.4655
25	203	0.2858
25	204	0.1607
25	205	0.0832
25	206	0.0399
25	207	0.0179
26	39	0.0115
26	40	0.0182
26	41	0.0277
26	42	0.0406
26	43	0.0572
26	44	0.0776
26	45	0.1012
26	46	0.1267
26	47	0.1526
26	48	0.1770
26	49	0.1978
26	50	0.2139
26	51	0.2243
26	52	0.2291
26	53	0.2291
26	54	0.2256
26	55	0.2198
26	56	0.2129
26	57	0.2053
26	58	0.1967
26	59	0.1865
26	60	0.1739
26	61	0.1582
26	62	0.1396
26	63	0.1189
26	64	0.0977
26	65	0.0780
26	66	0.0625
26	67	0.0537
26	68	0.0547
26	69	0.0684
26	70	0.0978
26	71	0.1445
26	72	0.2082
26	73	0.2858
26	74	0.3715
26	75	0.4584
26	76	0.5395
26	77	0.6101
26	78	0.6676
26	79	0.7126
26	80	0.7478
26	81	0.7775
26	82	0.8056
26	83	0.8344
26	84	0.8647
26	85	0.8970
26	86	0.9344
26	87	0.9864
26	88	1.0707
26	89	1.2097
26	90	1.4195
26	91	1.6971
26	92	2.0202
26	93	2.3595
26	94	2.6900
26	95	2.9944
26	96	3.2625
26	97	3.4882
26	98	3.6685
26	99	3.8015
26	100	3.8867
26	101	3.9240
26	102	3.9134
26	103	3.8557
26	104	3.7518
26	105	3.6030
26	106	3.4113
26	107	3.1794
26	108	2.9113
26	109	2.6125
26	110	2.2910
26	111	1.9574
26	112	1.6252
26	113	1.3099
26	114	1.0263
26	115	0.7853
26	116	0.5911
26	117	0.4409
26	118	0.3276
26	119	0.2427
26	120	0.1792
26	121	0.1324
26	122	0.0999
26	123	0.0810
26	124	0.0764
26	125	0.0873
26	126	0.1154
26	127	0.1621
26	128	0.2283
26	129	0.3136
26	130	0.4158
26	131	0.5314
26	132	0.6557
26	133	0.7835
26	134	0.9098
26	135	1.0304
26	136	1.1412
26	137	1.2389
26	138	1.3204
26	139	1.3828
26	140	1.4236
26	141	1.4405
26	142	1.4316
26	143	1.3961
26	144	1.3340
26	145	1.2468
26	146	1.1379
26	147	1.0130
26	148	0.8798
26	149	0.7476
26	150	0.6256
26	151	0.5204
26	152	0.4343
26	153	0.3653
26	154	0.3087
26	155	0.2595
26	156	0.2143
26	157	0.1717
26	158	0.1321
26	159	0.0969
26	160	0.0676
26	161	0.0452
26	162	0.0298
26	163	0.0213
26	164	0.0199
26	165	0.0260
26	166	0.0408
26	167	0.0661
26	168	0.1034
26	169	0.1529
26	170	0.2129
26	171	0.2796
26	172	0.3483
26	173	0.4139
26	174	0.4734
26	175	0.5259
26	176	0.5739
26	177	0.6231
26	178	0.6813
26	179	0.7569
26	180	0.8572
26	181	0.9859
26	182	1.1419
26	183	1.3200
26	184	1.5115
26	185	1.7061
26	186	1.8934
26	187	2.0640
26	188	2.2101
26	189	2.3255
26	190	2.4054
26	191	2.4463
26	192	2.4456
26	193	2.4016
26	194	2.3136
26	195	2.1814
26	196	2.0065
26	197	1.7921
26	198	1.5441
26	199	1.2722
26	200	0.9913
26	201	0.7214
26	202	0.4846
26	203	0.2982
26	204	0.1679
26	205	0.0869
26	206	0.0417
26	207	0.0187
27	41	0.0120
27	42	0.0177
27	43	0.0252
27	44	0.0346
27	45	0.0457
27	46	0.0580
27	47	0.0707
27	48	0.0830
27	49	0.0938
27	50	0.1024
27	51	0.1083
27	52	0.1114
27	53	0.1120
27	54	0.1108
27	55	0.1084
27	56	0.1052
27	57	0.1016
27	58	0.0975
27	59	0.0924
27	60	0.0861
27	61	0.0782
27	62	0.0689
27	63	0.0589
27	64	0.0490
27	65	0.0408
27	66	0.0361
27	67	0.0372
27	68	0.0472
27	69	0.0693
27	70	0.1069
27	71	0.1619
27	72	0.2340
27	73	0.3195
27	74	0.4120
27	75	0.5036
27	76	0.5868
27	77	0.6560
27	78	0.7081
27	79	0.7434
27	80	0.7645
27	81	0.7758
27	82	0.7825
27	83	0.7885
27	84	0.7965
27	85	0.8087
27	86	0.8294
27	87	0.8685
27	88	0.9435
27	89	1.0759
27	90	1.2799
27	91	1.5510
27	92	1.8667
27	93	2.1983
27	94	2.5215
27	95	2.8196
27	96	3.0825
27	97	3.3043
27	98	3.4819
27	99	3.6136
27	100	3.6985
27	101	3.7366
27	102	3.7280
27	103	3.6731
27	104	3.5730
27	105	3.4289
27	106	3.2426
27	107	3.0171
27	108	2.7565
27	109	2.4668
27	110	2.1567
27	111	1.8380
27	112	1.5255
27	113	1.2356
27	114	0.9825
27	115	0.7742
27	116	0.6103
27	117	0.4839
27	118	0.3853
27	119	0.3061
27	120	0.2410
27	121	0.1879
27	122	0.1473
27	123	0.1210
27	124	0.1112
27	125	0.1197
27	126	0.1474
27	127	0.1945
27	128	0.2605
27	129	0.3443
27	130	0.4445
27	131	0.5588
27	132	0.6844
27	133	0.8176
27	134	0.9538
27	135	1.0883
27	136	1.2156
27	137	1.3309
27	138	1.4293
27	139	1.5069
27	140	1.5602
27	141	1.5868
27	142	1.5849
27	143	1.5537
27	144	1.4938
27	145	1.4070
27	146	1.2970
27	147	1.1699
27	148	1.0335
27	149	0.8975
27	150	0.7708
27	151	0.6601
27	152	0.5673
27	153	0.4901
27	154	0.4234
27	155	0.3622
27	156	0.3031
27	157	0.2455
27	158	0.1905
27	159	0.1408
27	160	0.0988
27	161	0.0662
27	162	0.0436
27	163	0.0310
27	164	0.0284
27	165	0.0364
27	166	0.0565
27	167	0.0908
27	168	0.1407
27	169	0.2058
27	170	0.2831
27	171	0.3670
27	172	0.4509
27	173	0.5286
27	174	0.5959
27	175	0.6518
27	176	0.6988
27	177	0.7432
27	178	0.7938
27	179	0.8609
27	180	0.9530
27	181	1.0749
27	182	1.2260
27	183	1.4004
27	184	1.5887
27	185	1.7800
27	186	1.9635
27	187	2.1299
27	188	2.2715
27	189	2.3820
27	190	2.4571
27	191	2.4932
27	192	2.4879
27	193	2.4396
27	194	2.3474
27	195	2.2114
27	196	2.0328
27	197	1.8149
27	198	1.5634
27	199	1.2880
27	200	1.0037
27	201	0.7305
27	202	0.4907
27	203	0.3018
27	204	0.1698
27	205	0.0878
27	206	0.0421
27	207	0.0188
28	43	0.0105
28	44	0.0145
28	45	0.0194
28	46	0.0248
28	47	0.0305
28	48	0.0361
28	49	0.0412
28	50	0.0454
28	51	0.0483
28	52	0.0500
28	53	0.0506
28	54	0.0503
28	55	0.0493
28	56	0.0481
28	57	0.0465
28	58	0.0447
28	59	0.0424
28	60	0.0396
28	61	0.0361
28	62	0.0320
28	63	0.0279
28	64	0.0244
28	65	0.0226
28	66	0.0241
28	67	0.0311
28	68	0.0465
28	69	0.0739
28	70	0.1167
28	71	0.1770
28	72	0.2543
28	73	0.3446
28	74	0.4410
28	75	0.5350
28	76	0.6187
28	77	0.6859
28	78	0.7332
28	79	0.7602
28	80	0.7693
28	81	0.7650
28	82	0.7529
28	83	0.7386
28	84	0.7266
28	85	0.7215
28	86	0.7292
28	87	0.7609
28	88	0.8336
28	89	0.9669
28	90	1.1716
28	91	1.4404
28	92	1.7505
28	93	2.0744
28	94	2.3894
28	95	2.6797
28	96	2.9359
28	97	3.1521
28	98	3.3255
28	99	3.4541
28	100	3.5372
28	101	3.5745
28	102	3.5661
28	103	3.5125
28	104	3.4144
28	105	3.2730
28	106	3.0904
28	107	2.8694
28	108	2.6146
28	109	2.3327
28	110	2.0336
28	111	1.7308
28	112	1.4410
28	113	1.1810
28	114	0.9635
28	115	0.7919
28	116	0.6603
28	117	0.5576
28	118	0.4725
28	119	0.3969
28	120	0.3277
28	121	0.2657
28	122	0.2145
28	123	0.1790
28	124	0.1638
28	125	0.1715
28	126	0.2022
28	127	0.2545
28	128	0.3258
28	129	0.4137
28	130	0.5164
28	131	0.6327
28	132	0.7611
28	133	0.8993
28	134	1.0434
28	135	1.1880
28	136	1.3268
28	137	1.4536
28	138	1.5627
28	139	1.6492
28	140	1.7096
28	141	1.7412
28	142	1.7425
28	143	1.7133
28	144	1.6542
28	145	1.5676
28	146	1.4574
28	147	1.3296
28	148	1.1924
28	149	1.0550
28	150	0.9261
28	151	0.8119
28	152	0.7137
28	153	0.6288
28	154	0.5520
28	155	0.4782
28	156	0.4045
28	157	0.3305
28	158	0.2587
28	159	0.1926
28	160	0.1359
28	161	0.0914
28	162	0.0603
28	163	0.0426
28	164	0.0385
28	165	0.0486
28	166	0.0748
28	167	0.1192
28	168	0.1829
28	169	0.2645
28	170	0.3592
28	171	0.4598
28	172	0.5577
28	173	0.6456
28	174	0.7187
28	175	0.7756
28	176	0.8189
28	177	0.8553
28	178	0.8946
28	179	0.9487
28	180	1.0280
28	181	1.1392
28	182	1.2821
28	183	1.4508
28	184	1.6349
28	185	1.8225
28	186	2.0024
28	187	2.1648
28	188	2.3020
28	189	2.4079
28	190	2.4783
28	191	2.5097
28	192	2.4998
28	193	2.4472
28	194	2.3510
28	195	2.2114
28	196	2.0297
28	197	1.8091
28	198	1.5555
28	199	1.2789
28	200	0.9942
28	201	0.7216
28	202	0.4833
28	203	0.2963
28	204	0.1663
28	205	0.0858
28	206	0.0410
28	207	0.0183
29	47	0.0124
29	48	0.0148
29	49	0.0170
29	50	0.0188
29	51	0.0202
29	52	0.0210
29	53	0.0213
29	54	0.0213
29	55	0.0210
29	56	0.0205
29	57	0.0199
29	58	0.0192
29	59	0.0183
29	60	0.0172
29	61	0.0159
29	62	0.0146
29	63	0.0137
29	64	0.0138
29	65	0.0157
29	66	0.0209
29	67	0.0315
29	68	0.0503
29	69	0.0808
29	70	0.1262
29	71	0.1886
29	72	0.2673
29	73	0.3583
29	74	0.4547
29	75	0.5479
29	76	0.6299
29	77	0.6941
29	78	0.7369
29	79	0.7573
29	80	0.7572
29	81	0.7409
29	82	0.7145
29	83	0.6844
29	84	0.6573
29	85	0.6398
29	86	0.6403
29	87	0.6714
29	88	0.7500
29	89	0.8925
29	90	1.1049
29	91	1.3765
29	92	1.6838
29	93	2.0011
29	94	2.3079
29	95	2.5897
29	96	2.8380
29	97	3.0473
29	98	3.2148
29	99	3.3386
29	100	3.4179
29	101	3.4523
29	102	3.4420
29	103	3.3871
29	104	3.2885
29	105	3.1475
29	106	2.9659
29	107	2.7470
29	108	2.4960
29	109	2.2206
29	110	1.9324
29	111	1.6471
29	112	1.3831
29	113	1.1573
29	114	0.9787
29	115	0.8450
29	116	0.7445
29	117	0.6628
29	118	0.5881
29	119	0.5137
29	120	0.4382
29	121	0.3652
29	122	0.3017
29	123	0.2561
29	124	0.2356
29	125	0.2443
29	126	0.2817
29	127	0.3439
29	128	0.4256
29	129	0.5223
29	130	0.6313
29	131	0.7517
29	132	0.8831
29	133	1.0242
29	134	1.1720
29	135	1.3213
29	136	1.4654
29	137	1.5973
29	138	1.7110
29	139	1.8012
29	140	1.8643
29	141	1.8977
29	142	1.9001
29	143	1.8715
29	144	1.8128
29	145	1.7266
29	146	1.6168
29	147	1.4897
29	148	1.3530
29	149	1.2157
29	150	1.0858
29	151	0.9687
29	152	0.8654
29	153	0.7729
29	154	0.6858
29	155	0.5994
29	156	0.5108
29	157	0.4205
29	158	0.3314
29	159	0.2484
29	160	0.1763
29	161	0.1191
29	162	0.0787
29	163	0.0555
29	164	0.0498
29	165	0.0623
29	166	0.0950
29	167	0.1501
29	168	0.2280
29	169	0.3260
29	170	0.4374
29	171	0.5530
29	172	0.6630
29	173	0.7590
29	174	0.8358
29	175	0.8918
29	176	0.9296
29	177	0.9558
29	178	0.9811
29	179	1.0188
29	180	1.0816
29	181	1.1784
29	182	1.3106
29	183	1.4719
29	184	1.6512
29	185	1.8351
29	186	2.0116
29	187	2.1704
29	188	2.3035
29	189	2.4051
29	190	2.4707
29	191	2.4974
29	192	2.4829
29	193	2.4258
29	194	2.3256
29	195	2.1824
29	196	1.9979
29	197	1.7754
29	198	1.5212
29	199	1.2453
29	200	0.9632
29	201	0.6952
29	202	0.4628
29	203	0.2821
29	204	0.1575
29	205	0.0810
29	206	0.0386
29	207	0.0172
30	64	0.0109
30	65	0.0155
30	66	0.0236
30	67	0.0371
30	68	0.0585
30	69	0.0907
30	70	0.1366
30	71	0.1979
30	72	0.2741
30	73	0.3614
30	74	0.4534
30	75	0.5422
30	76	0.6197
30	77	0.6797
30	78	0.7180
30	79	0.7334
30	80	0.7273
30	81	0.7038
30	82	0.6688
30	83	0.6296
30	84	0.5943
30	85	0.5717
30	86	0.5731
30	87	0.6126
30	88	0.7066
30	89	0.8676
30	90	1.0957
30	91	1.3758
30	92	1.6843
30	93	1.9977
30	94	2.2975
30	95	2.5714
30	96	2.8114
30	97	3.0129
30	98	3.1731
30	99	3.2902
30	100	3.3634
30	101	3.3922
30	102	3.3768
30	103	3.3175
30	104	3.2149
30	105	3.0704
30	106	2.8862
30	107	2.6661
30	108	2.4158
30	109	2.1449
30	110	1.8669
30	111	1.6000
30	112	1.3638
30	113	1.1736
30	114	1.0331
30	115	0.9337
30	116	0.8593
30	117	0.7939
30	118	0.7261
30	119	0.6503
30	120	0.5672
30	121	0.4824
30	122	0.4059
30	123	0.3498
30	124	0.3247
30	125	0.3361
30	126	0.3827
30	127	0.4579
30	128	0.5531
30	129	0.6612
30	130	0.7782
30	131	0.9031
30	132	1.0363
30	133	1.1776
30	134	1.3250
30	135	1.4738
30	136	1.6177
30	137	1.7498
30	138	1.8636
30	139	1.9540
30	140	2.0171
30	141	2.0505
30	142	2.0531
30	143	2.0246
30	144	1.9664
30	145	1.8808
30	146	1.7722
30	147	1.6463
30	148	1.5106
30	149	1.3736
30	150	1.2426
30	151	1.1224
30	152	1.0135
30	153	0.9128
30	154	0.8153
30	155	0.7164
30	156	0.6136
30	157	0.5077
30	158	0.4023
30	159	0.3031
30	160	0.2163
30	161	0.1466
30	162	0.0971
30	163	0.0686
30	164	0.0614
30	165	0.0766
30	166	0.1162
30	167	0.1820
30	168	0.2739
30	169	0.3873
30	170	0.5138
30	171	0.6425
30	172	0.7623
30	173	0.8645
30	174	0.9435
30	175	0.9974
30	176	1.0284
30	177	1.0433
30	178	1.0531
30	179	1.0721
30	180	1.1156
30	181	1.1952
30	182	1.3142
30	183	1.4670
30	184	1.6409
30	185	1.8214
30	186	1.9949
30	187	2.1504
30	188	2.2797
30	189	2.3769
30	190	2.4377
30	191	2.4594
30	192	2.4399
30	193	2.3780
30	194	2.2734
30	195	2.1266
30	196	1.9395
30	197	1.7156
30	198	1.4618
30	199	1.1888
30	200	0.9123
30	201	0.6526
30	202	0.4305
30	203	0.2603
30	204	0.1443
30	205	0.0738
30	206	0.0351
30	207	0.0156
31	64	0.0130
31	65	0.0203
31	66	0.0317
31	67	0.0485
31	68	0.0727
31	69	0.1063
31	70	0.1515
31	71	0.2093
31	72	0.2792
31	73	0.3584
31	74	0.4414
31	75	0.5215
31	76	0.5916
31	77	0.6456
31	78	0.6796
31	79	0.6919
31	80	0.6837
31	81	0.6585
31	82	0.6221
31	83	0.5821
31	84	0.5477
31	85	0.5298
31	86	0.5420
31	87	0.6005
31	88	0.7205
31	89	0.9095
31	90	1.1612
31	91	1.4564
31	92	1.7715
31	93	2.0850
31	94	2.3811
31	95	2.6490
31	96	2.8821
31	97	3.0760
31	98	3.2282
31	99	3.3372
31	100	3.4021
31	101	3.4227
31	102	3.3988
31	103	3.3309
31	104	3.2198
31	105	3.0671
31	106	2.8754
31	107	2.6490
31	108	2.3950
31	109	2.1244
31	110	1.8534
31	111	1.6023
31	112	1.3913
31	113	1.2325
31	114	1.1239
31	115	1.0511
31	116	0.9955
31	117	0.9406
31	118	0.8760
31	119	0.7972
31	120	0.7061
31	121	0.6098
31	122	0.5209
31	123	0.4547
31	124	0.4254
31	125	0.4404
31	126	0.4974
31	127	0.5864
31	128	0.6956
31	129	0.8152
31	130	0.9400
31	131	1.0688
31	132	1.2023
31	133	1.3414
31	134	1.4852
31	135	1.6301
31	136	1.7703
31	137	1.8993
31	138	2.0108
31	139	2.0995
31	140	2.1615
31	141	2.1942
31	142	2.1965
31	143	2.1682
31	144	2.1105
31	145	2.0260
31	146	1.9185
31	147	1.7939
31	148	1.6591
31	149	1.5219
31	150	1.3891
31	151	1.2648
31	152	1.1494
31	153	1.0400
31	154	0.9319
31	155	0.8208
31	156	0.7048
31	157	0.5847
31	158	0.4648
31	159	0.3514
31	160	0.2515
31	161	0.1710
31	162	0.1135
31	163	0.0805
31	164	0.0725
31	165	0.0907
31	166	0.1372
31	167	0.2135
31	168	0.3183
31	169	0.4457
31	170	0.5853
31	171	0.7249
31	172	0.8526
31	173	0.9594
31	174	1.0394
31	175	1.0905
31	176	1.1147
31	177	1.1182
31	178	1.1120
31	179	1.1115
31	180	1.1340
31	181	1.1942
31	182	1.2984
31	183	1.4415
31	184	1.6100
31	185	1.7873
31	186	1.9581
31	187	2.1107
31	188	2.2362
31	189	2.3288
31	190	2.3844
31	191	2.4005
31	192	2.3753
31	193	2.3079
31	194	2.1983
31	195	2.0474
31	196	1.8575
31	197	1.6327
31	198	1.3804
31	199	1.1121
31	200	0.8442
31	201	0.5966
31	202	0.3888
31	203	0.2325
31	204	0.1278
31	205	0.0649
31	206	0.0307
31	207	0.0136
32	63	0.0114
32	64	0.0189
32	65	0.0300
32	66	0.0459
32	67	0.0676
32	68	0.0958
32	69	0.1316
32	70	0.1757
32	71	0.2285
32	72	0.2895
32	73	0.3567
32	74	0.4265
32	75	0.4939
32	76	0.5533
32	77	0.5997
32	78	0.6295
32	79	0.6411
32	80	0.6352
32	81	0.6151
32	82	0.5858
32	83	0.5548
32	84	0.5318
32	85	0.5292
32	86	0.5628
32	87	0.6504
32	88	0.8055
32	89	1.0303
32	90	1.3119
32	91	1.6279
32	92	1.9550
32	93	2.2737
32	94	2.5704
32	95	2.8360
32	96	3.0648
32	97	3.2530
32	98	3.3984
32	99	3.4995
32	100	3.5555
32	101	3.5662
32	102	3.5315
32	103	3.4520
32	104	3.3286
32	105	3.1632
32	106	2.9586
32	107	2.7200
32	108	2.4556
32	109	2.1784
32	110	1.9067
32	111	1.6631
32	112	1.4678
32	113	1.3296
32	114	1.2416
32	115	1.1854
32	116	1.1405
32	117	1.0908
32	118	1.0265
32	119	0.9437
32	120	0.8450
32	121	0.7384
32	122	0.6383
32	123	0.5630
32	124	0.5300
32	125	0.5483
32	126	0.6148
32	127	0.7165
32	128	0.8381
32	129	0.9678
32	130	1.0991
32	131	1.2305
32	132	1.3633
32	133	1.4990
32	134	1.6378
32	135	1.7771
32	136	1.9121
32	137	2.0366
32	138	2.1447
32	139	2.2309
32	140	2.2913
32	141	2.3232
32	142	2.3252
32	143	2.2972
32	144	2.2402
32	145	2.1566
32	146	2.0502
32	147	1.9264
32	148	1.7920
32	149	1.6538
32	150	1.5182
32	151	1.3889
32	152	1.2662
32	153	1.1476
32	154	1.0288
32	155	0.9062
32	156	0.7780
32	157	0.6456
32	158	0.5135
32	159	0.3886
32	160	0.2783
32	161	0.1894
32	162	0.1260
32	163	0.0899
32	164	0.0820
32	165	0.1035
32	166	0.1568
32	167	0.2428
32	168	0.3593
32	169	0.4987
32	170	0.6492
32	171	0.7976
32	172	0.9316
32	173	1.0418
32	174	1.1223
32	175	1.1707
32	176	1.1886
32	177	1.1818
32	178	1.1607
32	179	1.1412
32	180	1.1424
32	181	1.1823
32	182	1.2705
32	183	1.4033
32	184	1.5662
32	185	1.7405
32	186	1.9090
32	187	2.0587
32	188	2.1803
32	189	2.2679
32	190	2.3177
32	191	2.3273
32	192	2.2954
32	193	2.2215
32	194	2.1059
32	195	1.9501
32	196	1.7569
32	197	1.5312
32	198	1.2814
32	199	1.0197
32	200	0.7631
32	201	0.5311
32	202	0.3409
32	203	0.2011
32	204	0.1093
32	205	0.0551
32	206	0.0259
32	207	0.0114
33	63	0.0171
33	64	0.0285
33	65	0.0450
33	66	0.0674
33	67	0.0960
33	68	0.1304
33	69	0.1701
33	70	0.2141
33	71	0.2619
33	72	0.3127
33	73	0.3655
33	74	0.4188
33	75	0.4700
33	76	0.5159
33	77	0.5534
33	78	0.5798
33	79	0.5938
33	80	0.5959
33	81	0.5884
33	82	0.5754
33	83	0.5633
33	84	0.5614
33	85	0.5832
33	86	0.6465
33	87	0.7700
33	88	0.9654
33	89	1.2293
33	90	1.5435
33	91	1.8833
33	92	2.2259
33	93	2.5537
33	94	2.8551
33	95	3.1223
33	96	3.3502
33	97	3.5357
33	98	3.6767
33	99	3.7719
33	100	3.8205
33	101	3.8223
33	102	3.7772
33	103	3.6857
33	104	3.5489
33	105	3.3686
33	106	3.1480
33	107	2.8925
33	108	2.6112
33	109	2.3183
33	110	2.0344
33	111	1.7841
33	112	1.5887
33	113	1.4554
33	114	1.3741
33	115	1.3237
33	116	1.2822
33	117	1.2333
33	118	1.1670
33	119	1.0799
33	120	0.9744
33	121	0.8591
33	122	0.7494
33	123	0.6660
33	124	0.6292
33	125	0.6498
33	126	0.7238
33	127	0.8357
33	128	0.9672
33	129	1.1047
33	130	1.2409
33	131	1.3740
33	132	1.5056
33	133	1.6376
33	134	1.7712
33	135	1.9048
33	136	2.0343
33	137	2.1543
33	138	2.2587
33	139	2.3424
33	140	2.4012
33	141	2.4323
33	142	2.4342
33	143	2.4064
33	144	2.3500
33	145	2.2671
33	146	2.1614
33	147	2.0381
33	148	1.9032
33	149	1.7634
33	150	1.6243
33	151	1.4893
33	152	1.3590
33	153	1.2310
33	154	1.1017
33	155	0.9681
33	156	0.8291
33	157	0.6863
33	158	0.5446
33	159	0.4112
33	160	0.2939
33	161	0.1998
33	162	0.1331
33	163	0.0958
33	164	0.0890
33	165	0.1143
33	166	0.1737
33	167	0.2683
33	168	0.3946
33	169	0.5439
33	170	0.7033
33	171	0.8587
33	172	0.9976
33	173	1.1105
33	174	1.1914
33	175	1.2378
33	176	1.2508
33	177	1.2354
33	178	1.2016
33	179	1.1651
33	180	1.1465
33	181	1.1667
33	182	1.2389
33	183	1.3613
33	184	1.5187
33	185	1.6902
33	186	1.8565
33	187	2.0032
33	188	2.1206
33	189	2.2027
33	190	2.2458
33	191	2.2480
33	192	2.2081
33	193	2.1264
33	194	2.0036
33	195	1.8418
33	196	1.6446
33	197	1.4179
33	198	1.1712
33	199	0.9177
33	200	0.6748
33	201	0.4609
33	202	0.2905
33	203	0.1687
33	204	0.0906
33	205	0.0452
33	206	0.0211
34	62	0.0144
34	63	0.0253
34	64	0.0420
34	65	0.0656
34	66	0.0967
34	67	0.1345
34	68	0.1775
34	69	0.2232
34	70	0.2690
34	71	0.3129
34	72	0.3540
34	73	0.3921
34	74	0.4275
34	75	0.4608
34	76	0.4918
34	77	0.5201
34	78	0.5449
34	79	0.5655
34	80	0.5819
34	81	0.5946
34	82	0.6059
34	83	0.6202
34	84	0.6460
34	85	0.6974
34	86	0.7940
34	87	0.9555
34	88	1.1912
34	89	1.4931
34	90	1.8388
34	91	2.2020
34	92	2.5609
34	93	2.8996
34	94	3.2079
34	95	3.4791
34	96	3.7089
34	97	3.8943
34	98	4.0337
34	99	4.1257
34	100	4.1696
34	101	4.1650
34	102	4.1120
34	103	4.0108
34	104	3.8624
34	105	3.6685
34	106	3.4321
34	107	3.1585
34	108	2.8566
34	109	2.5409
34	110	2.2332
34	111	1.9602
34	112	1.7459
34	113	1.5996
34	114	1.5105
34	115	1.4555
34	116	1.4109
34	117	1.3590
34	118	1.2892
34	119	1.1977
34	120	1.0863
34	121	0.9638
34	122	0.8462
34	123	0.7556
34	124	0.7146
34	125	0.7358
34	126	0.8146
34	127	0.9334
34	128	1.0719
34	129	1.2150
34	130	1.3547
34	131	1.4889
34	132	1.6193
34	133	1.7483
34	134	1.8775
34	135	2.0061
34	136	2.1308
34	137	2.2466
34	138	2.3478
34	139	2.4292
34	140	2.4867
34	141	2.5171
34	142	2.5187
34	143	2.4912
34	144	2.4351
34	145	2.3527
34	146	2.2474
34	147	2.1240
34	148	1.9883
34	149	1.8464
34	150	1.7035
34	151	1.5628
34	152	1.4248
34	153	1.2876
34	154	1.1483
34	155	1.0047
34	156	0.8561
34	157	0.7050
34	158	0.5564
34	159	0.4177
34	160	0.2971
34	161	0.2011
34	162	0.1341
34	163	0.0977
34	164	0.0931
34	165	0.1220
34	166	0.1869
34	167	0.2883
34	168	0.4222
34	169	0.5791
34	170	0.7453
34	171	0.9061
34	172	1.0489
34	173	1.1642
34	174	1.2459
34	175	1.2913
34	176	1.3010
34	177	1.2796
34	178	1.2362
34	179	1.1861
34	180	1.1508
34	181	1.1535
34	182	1.2109
34	183	1.3234
34	184	1.4756
34	185	1.6443
34	186	1.8084
34	187	1.9520
34	188	2.0650
34	189	2.1411
34	190	2.1769
34	191	2.1707
34	192	2.1219
34	193	2.0312
34	194	1.8999
34	195	1.7309
34	196	1.5288
34	197	1.3008
34	198	1.0574
34	199	0.8132
34	200	0.5856
34	201	0.3914
34	202	0.2417
34	203	0.1378
34	204	0.0729
34	205	0.0360
34	206	0.0167
35	61	0.0109
35	62	0.0204
35	63	0.0358
35	64	0.0590
35	65	0.0913
35	66	0.1329
35	67	0.1820
35	68	0.2355
35	69	0.2891
35	70	0.3385
35	71	0.3806
35	72	0.4139
35	73	0.4389
35	74	0.4576
35	75	0.4736
35	76	0.4904
35	77	0.5111
35	78	0.5373
35	79	0.5692
35	80	0.6053
35	81	0.6440
35	82	0.6843
35	83	0.7283
35	84	0.7837
35	85	0.8655
35	86	0.9952
35	87	1.1930
35	88	1.4662
35	89	1.8023
35	90	2.1758
35	91	2.5600
35	92	2.9340
35	93	3.2834
35	94	3.5991
35	95	3.8752
35	96	4.1081
35	97	4.2951
35	98	4.4346
35	99	4.5255
35	100	4.5670
35	101	4.5587
35	102	4.5005
35	103	4.3926
35	104	4.2358
35	105	4.0314
35	106	3.7819
35	107	3.4921
35	108	3.1699
35	109	2.8288
35	110	2.4899
35	111	2.1814
35	112	1.9314
35	113	1.7545
35	114	1.6431
35	115	1.5735
35	116	1.5197
35	117	1.4616
35	118	1.3870
35	119	1.2908
35	120	1.1744
35	121	1.0461
35	122	0.9220
35	123	0.8250
35	124	0.7794
35	125	0.7990
35	126	0.8795
35	127	1.0020
35	128	1.1447
35	129	1.2913
35	130	1.4334
35	131	1.5685
35	132	1.6981
35	133	1.8249
35	134	1.9509
35	135	2.0758
35	136	2.1968
35	137	2.3094
35	138	2.4080
35	139	2.4876
35	140	2.5439
35	141	2.5737
35	142	2.5752
35	143	2.5477
35	144	2.4920
35	145	2.4098
35	146	2.3047
35	147	2.1811
35	148	2.0446
35	149	1.9007
35	150	1.7542
35	151	1.6081
35	152	1.4628
35	153	1.3171
35	154	1.1686
35	155	1.0160
35	156	0.8594
35	157	0.7019
35	158	0.5491
35	159	0.4086
35	160	0.2880
35	161	0.1937
35	162	0.1290
35	163	0.0954
35	164	0.0938
35	165	0.1261
35	166	0.1950
35	167	0.3011
35	168	0.4402
35	169	0.6022
35	170	0.7730
35	171	0.9377
35	172	1.0835
35	173	1.2010
35	174	1.2841
35	175	1.3297
35	176	1.3382
35	177	1.3135
35	178	1.2640
35	179	1.2046
35	180	1.1568
35	181	1.1457
35	182	1.1907
35	183	1.2946
35	184	1.4419
35	185	1.6079
35	186	1.7696
35	187	1.9101
35	188	2.0184
35	189	2.0884
35	190	2.1167
35	191	2.1018
35	192	2.0436
35	193	1.9432
35	194	1.8027
35	195	1.6257
35	196	1.4180
35	197	1.1882
35	198	0.9482
35	199	0.7138
35	200	0.5019
35	201	0.3274
35	202	0.1975
35	203	0.1105
35	204	0.0575
35	205	0.0280
35	206	0.0128
36	61	0.0147
36	62	0.0273
36	63	0.0478
36	64	0.0783
36	65	0.1204
36	66	0.1735
36	67	0.2350
36	68	0.2999
36	69	0.3623
36	70	0.4167
36	71	0.4589
36	72	0.4870
36	73	0.5018
36	74	0.5070
36	75	0.5088
36	76	0.5144
36	77	0.5308
36	78	0.5623
36	79	0.6094
36	80	0.6688
36	81	0.7355
36	82	0.8053
36	83	0.8782
36	84	0.9618
36	85	1.0724
36	86	1.2334
36	87	1.4653
36	88	1.7724
36	89	2.1384
36	90	2.5356
36	91	2.9375
36	92	3.3243
36	93	3.6829
36	94	4.0053
36	95	4.2863
36	96	4.5224
36	97	4.7115
36	98	4.8520
36	99	4.9429
36	100	4.9834
36	101	4.9730
36	102	4.9117
36	103	4.7995
36	104	4.6369
36	105	4.4251
36	106	4.1659
36	107	3.8631
36	108	3.5234
36	109	3.1582
36	110	2.7866
36	111	2.4362
36	112	2.1385
36	113	1.9160
36	114	1.7684
36	115	1.6742
36	116	1.6049
36	117	1.5371
36	118	1.4561
36	119	1.3550
36	120	1.2342
36	121	1.1013
36	122	0.9718
36	123	0.8692
36	124	0.8184
36	125	0.8345
36	126	0.9137
36	127	1.0368
36	128	1.1810
36	129	1.3293
36	130	1.4727
36	131	1.6085
36	132	1.7380
36	133	1.8638
36	134	1.9881
36	135	2.1107
36	136	2.2293
36	137	2.3396
36	138	2.4365
36	139	2.5148
36	140	2.5702
36	141	2.5996
36	142	2.6010
36	143	2.5738
36	144	2.5184
36	145	2.4368
36	146	2.3321
36	147	2.2088
36	148	2.0719
36	149	1.9266
36	150	1.7772
36	151	1.6264
36	152	1.4747
36	153	1.3212
36	154	1.1645
36	155	1.0040
36	156	0.8409
36	157	0.6792
36	158	0.5249
36	159	0.3857
36	160	0.2686
36	161	0.1789
36	162	0.1189
36	163	0.0895
36	164	0.0911
36	165	0.1261
36	166	0.1972
36	167	0.3055
36	168	0.4469
36	169	0.6112
36	170	0.7843
36	171	0.9513
36	172	1.0994
36	173	1.2191
36	174	1.3040
36	175	1.3510
36	176	1.3602
36	177	1.3349
36	178	1.2829
36	179	1.2186
36	180	1.1631
36	181	1.1425
36	182	1.1783
36	183	1.2751
36	184	1.4179
36	185	1.5812
36	186	1.7403
36	187	1.8775
36	188	1.9814
36	189	2.0456
36	190	2.0667
36	191	2.0436
36	192	1.9764
36	193	1.8666
36	194	1.7169
36	195	1.5319
36	196	1.3185
36	197	1.0868
36	198	0.8502
36	199	0.6252
36	200	0.4286
36	201	0.2723
36	202	0.1603
36	203	0.0877
36	204	0.0448
36	205	0.0215
37	61	0.0186
37	62	0.0345
37	63	0.0602
37	64	0.0983
37	65	0.1501
37	66	0.2146
37	67	0.2879
37	68	0.3638
37	69	0.4350
37	70	0.4948
37	71	0.5383
37	72	0.5635
37	73	0.5715
37	74	0.5674
37	75	0.5594
37	76	0.5583
37	77	0.5746
37	78	0.6150
37	79	0.6798
37	80	0.7632
37	81	0.8567
37	82	0.9534
37	83	1.0524
37	84	1.1620
37	85	1.3004
37	86	1.4922
37	87	1.7568
37	88	2.0951
37	89	2.4870
37	90	2.9040
37	91	3.3203
37	92	3.7174
37	93	4.0836
37	94	4.4115
37	95	4.6964
37	96	4.9354
37	97	5.1264
37	98	5.2680
37	99	5.3592
37	100	5.3992
37	101	5.3877
37	102	5.3244
37	103	5.2094
37	104	5.0429
37	105	4.8258
37	106	4.5595
37	107	4.2470
37	108	3.8932
37	109	3.5076
37	110	3.1061
37	111	2.7134
37	112	2.3626
37	113	2.0834
37	114	1.8866
37	115	1.7568
37	116	1.6649
37	117	1.5834
37	118	1.4941
37	119	1.3876
37	120	1.2628
37	121	1.1261
37	122	0.9926
37	123	0.8850
37	124	0.8287
37	125	0.8396
37	126	0.9147
37	127	1.0354
37	128	1.1786
37	129	1.3269
37	130	1.4708
37	131	1.6073
37	132	1.7372
37	133	1.8631
37	134	1.9870
37	135	2.1088
37	136	2.2264
37	137	2.3356
37	138	2.4314
37	139	2.5090
37	140	2.5641
37	141	2.5934
37	142	2.5952
37	143	2.5686
37	144	2.5143
37	145	2.4340
37	146	2.3309
37	147	2.2089
37	148	2.0729
37	149	1.9274
37	150	1.7762
37	151	1.6216
37	152	1.4644
37	153	1.3040
37	154	1.1399
37	155	0.9727
37	156	0.8047
37	157	0.6408
37	158	0.4876
37	159	0.3524
37	160	0.2416
37	161	0.1588
37	162	0.1053
37	163	0.0807
37	164	0.0854
37	165	0.1218
37	166	0.1930
37	167	0.3005
37	168	0.4409
37	169	0.6045
37	170	0.7775
37	171	0.9451
37	172	1.0945
37	173	1.2160
37	174	1.3031
37	175	1.3527
37	176	1.3642
37	177	1.3406
37	178	1.2894
37	179	1.2240
37	180	1.1654
37	181	1.1397
37	182	1.1694
37	183	1.2609
37	184	1.3997
37	185	1.5599
37	186	1.7162
37	187	1.8500
37	188	1.9498
37	189	2.0088
37	190	2.0238
37	191	1.9936
37	192	1.9186
37	193	1.8006
37	194	1.6430
37	195	1.4509
37	196	1.2326
37	197	0.9995
37	198	0.7664
37	199	0.5506
37	200	0.3678
37	201	0.2276
37	202	0.1307
37	203	0.0699
37	204	0.0350
37	205	0.0165
38	60	0.0112
38	61	0.0222
38	62	0.0411
38	63	0.0715
38	64	0.1163
38	65	0.1768
38	66	0.2512
38	67	0.3348
38	68	0.4199
38	69	0.4985
38	70	0.5631
38	71	0.6085
38	72	0.6325
38	73	0.6367
38	74	0.6271
38	75	0.6139
38	76	0.6108
38	77	0.6310
38	78	0.6830
38	79	0.7662
38	80	0.8722
38	81	0.9896
38	82	1.1101
38	83	1.2329
38	84	1.3677
38	85	1.5345
38	86	1.7582
38	87	2.0557
38	88	2.4231
38	89	2.8379
38	90	3.2712
38	91	3.6988
38	92	4.1038
38	93	4.4757
38	94	4.8078
38	95	5.0957
38	96	5.3369
38	97	5.5293
38	98	5.6717
38	99	5.7631
38	100	5.8029
38	101	5.7905
38	102	5.7257
38	103	5.6086
38	104	5.4392
38	105	5.2183
38	106	4.9468
38	107	4.6268
38	108	4.2623
38	109	3.8603
38	110	3.4335
38	111	3.0028
38	112	2.5993
38	113	2.2578
38	114	2.0008
38	115	1.8239
38	116	1.7007
38	117	1.6005
38	118	1.5002
38	119	1.3874
38	120	1.2586
38	121	1.1191
38	122	0.9828
38	123	0.8714
38	124	0.8096
38	125	0.8139
38	126	0.8826
38	127	0.9980
38	128	1.1378
38	129	1.2844
38	130	1.4278
38	131	1.5647
38	132	1.6956
38	133	1.8226
38	134	1.9473
38	135	2.0697
38	136	2.1875
38	137	2.2966
38	138	2.3924
38	139	2.4700
38	140	2.5253
38	141	2.5554
38	142	2.5584
38	143	2.5337
38	144	2.4819
38	145	2.4048
38	146	2.3052
38	147	2.1867
38	148	2.0536
38	149	1.9097
38	150	1.7581
38	151	1.6009
38	152	1.4388
38	153	1.2721
38	154	1.1012
38	155	0.9280
38	156	0.7563
38	157	0.5919
38	158	0.4417
38	159	0.3129
38	160	0.2104
38	161	0.1362
38	162	0.0898
38	163	0.0702
38	164	0.0773
38	165	0.1134
38	166	0.1822
38	167	0.2859
38	168	0.4219
38	169	0.5815
38	170	0.7516
38	171	0.9177
38	172	1.0671
38	173	1.1899
38	174	1.2794
38	175	1.3321
38	176	1.3471
38	177	1.3272
38	178	1.2793
38	179	1.2162
38	180	1.1582
38	181	1.1312
38	182	1.1579
38	183	1.2455
38	184	1.3806
38	185	1.5373
38	186	1.6904
38	187	1.8208
38	188	1.9167
38	189	1.9713
38	190	1.9812
38	191	1.9454
38	192	1.8643
38	193	1.7401
38	194	1.5764
38	195	1.3793
38	196	1.1578
38	197	0.9247
38	198	0.6960
38	199	0.4892
38	200	0.3190
38	201	0.1926
38	202	0.1079
38	203	0.0564
38	204	0.0277
38	205	0.0128
39	60	0.0126
39	61	0.0249
39	62	0.0462
39	63	0.0802
39	64	0.1301
39	65	0.1970
39	66	0.2787
39	67	0.3696
39	68	0.4615
39	69	0.5454
39	70	0.6135
39	71	0.6605
39	72	0.6843
39	73	0.6869
39	74	0.6750
39	75	0.6606
39	76	0.6592
39	77	0.6865
39	78	0.7516
39	79	0.8527
39	80	0.9791
39	81	1.1177
39	82	1.2597
39	83	1.4057
39	84	1.5668
39	85	1.7646
39	86	2.0227
39	87	2.3534
39	88	2.7484
39	89	3.1830
39	90	3.6296
39	91	4.0660
39	92	4.4769
39	93	4.8529
39	94	5.1878
39	95	5.4778
39	96	5.7204
39	97	5.9137
39	98	6.0565
39	99	6.1479
39	100	6.1872
39	101	6.1740
39	102	6.1080
39	103	5.9891
39	104	5.8174
39	105	5.5933
39	106	5.3177
39	107	4.9921
39	108	4.6193
39	109	4.2047
39	110	3.7577
39	111	3.2952
39	112	2.8441
39	113	2.4401
39	114	2.1155
39	115	1.8802
39	116	1.7157
39	117	1.5900
39	118	1.4752
39	119	1.3546
39	120	1.2218
39	121	1.0804
39	122	0.9427
39	123	0.8289
39	124	0.7624
39	125	0.7595
39	126	0.8197
39	127	0.9273
39	128	1.0612
39	129	1.2041
39	130	1.3460
39	131	1.4830
39	132	1.6151
39	133	1.7439
39	134	1.8706
39	135	1.9946
39	136	2.1137
39	137	2.2239
39	138	2.3204
39	139	2.3990
39	140	2.4557
39	141	2.4878
39	142	2.4938
39	143	2.4731
39	144	2.4265
39	145	2.3556
39	146	2.2627
39	147	2.1510
39	148	2.0238
39	149	1.8838
39	150	1.7336
39	151	1.5747
39	152	1.4081
39	153	1.2349
39	154	1.0571
39	155	0.8779
39	156	0.7028
39	157	0.5387
39	158	0.3930
39	159	0.2718
39	160	0.1785
39	161	0.1134
39	162	0.0742
39	163	0.0590
39	164	0.0674
39	165	0.1017
39	166	0.1657
39	167	0.2624
39	168	0.3904
39	169	0.5425
39	170	0.7066
39	171	0.8689
39	172	1.0166
39	173	1.1397
39	174	1.2313
39	175	1.2872
39	176	1.3066
39	177	1.2917
39	178	1.2489
39	179	1.1906
39	180	1.1364
39	181	1.1112
39	182	1.1373
39	183	1.2223
39	184	1.3536
39	185	1.5065
39	186	1.6557
39	187	1.7824
39	188	1.8745
39	189	1.9252
39	190	1.9311
39	191	1.8910
39	192	1.8056
39	193	1.6771
39	194	1.5098
39	195	1.3101
39	196	1.0881
39	197	0.8573
39	198	0.6346
39	199	0.4375
39	200	0.2793
39	201	0.1650
39	202	0.0905
39	203	0.0464
39	204	0.0223
39	205	0.0101
40	60	0.0134
40	61	0.0264
40	62	0.0490
40	63	0.0850
40	64	0.1376
40	65	0.2079
40	66	0.2934
40	67	0.3882
40	68	0.4834
40	69	0.5701
40	70	0.6400
40	71	0.6880
40	72	0.7119
40	73	0.7143
40	74	0.7025
40	75	0.6897
40	76	0.6931
40	77	0.7295
40	78	0.8082
40	79	0.9261
40	80	1.0710
40	81	1.2290
40	82	1.3921
40	83	1.5624
40	84	1.7529
40	85	1.9852
40	86	2.2800
40	87	2.6440
40	88	3.0644
40	89	3.5161
40	90	3.9735
40	91	4.4164
40	92	4.8315
40	93	5.2102
40	94	5.5469
40	95	5.8382
40	96	6.0816
40	97	6.2753
40	98	6.4181
40	99	6.5092
40	100	6.5478
40	101	6.5337
40	102	6.4664
40	103	6.3458
40	104	6.1721
40	105	5.9455
40	106	5.6665
40	107	5.3364
40	108	4.9572
40	109	4.5328
40	110	4.0704
40	111	3.5826
40	112	3.0916
40	113	2.6300
40	114	2.2355
40	115	1.9324
40	116	1.7153
40	117	1.5557
40	118	1.4216
40	119	1.2910
40	120	1.1541
40	121	1.0118
40	122	0.8745
40	123	0.7604
40	124	0.6907
40	125	0.6807
40	126	0.7312
40	127	0.8286
40	128	0.9540
40	129	1.0912
40	130	1.2301
40	131	1.3665
40	132	1.4998
40	133	1.6309
40	134	1.7603
40	135	1.8869
40	136	2.0083
40	137	2.1204
40	138	2.2188
40	139	2.2995
40	140	2.3592
40	141	2.3955
40	142	2.4072
40	143	2.3940
40	144	2.3566
40	145	2.2962
40	146	2.2146
40	147	2.1140
40	148	1.9961
40	149	1.8629
40	150	1.7156
40	151	1.5556
40	152	1.3842
40	153	1.2037
40	154	1.0176
40	155	0.8314
40	156	0.6522
40	157	0.4881
40	158	0.3468
40	159	0.2333
40	160	0.1492
40	161	0.0925
40	162	0.0598
40	163	0.0482
40	164	0.0567
40	165	0.0876
40	166	0.1448
40	167	0.2317
40	168	0.3484
40	169	0.4893
40	170	0.6440
40	171	0.7995
40	172	0.9434
40	173	1.0654
40	174	1.1581
40	175	1.2172
40	176	1.2412
40	177	1.2320
40	178	1.1957
40	179	1.1441
40	180	1.0959
40	181	1.0749
40	182	1.1023
40	183	1.1857
40	184	1.3134
40	185	1.4618
40	186	1.6064
40	187	1.7288
40	188	1.8170
40	189	1.8640
40	190	1.8663
40	191	1.8231
40	192	1.7348
40	193	1.6041
40	194	1.4353
40	195	1.2359
40	196	1.0162
40	197	0.7908
40	198	0.5767
40	199	0.3909
40	200	0.2452
40	201	0.1422
40	202	0.0767
40	203	0.0386
40	204	0.0183
41	60	0.0134
41	61	0.0264
41	62	0.0490
41	63	0.0850
41	64	0.1376
41	65	0.2078
41	66	0.2934
41	67	0.3880
41	68	0.4832
41	69	0.5697
41	70	0.6395
41	71	0.6874
41	72	0.7115
41	73	0.7144
41	74	0.7044
41	75	0.6953
41	76	0.7053
41	77	0.7520
41	78	0.8441
41	79	0.9778
41	80	1.1398
41	81	1.3169
41	82	1.5022
41	83	1.6995
41	84	1.9232
41	85	2.1935
41	86	2.5262
41	87	2.9224
41	88	3.3658
41	89	3.8320
41	90	4.2978
41	91	4.7456
41	92	5.1636
41	93	5.5440
41	94	5.8818
41	95	6.1736
41	96	6.4172
41	97	6.6109
41	98	6.7534
41	99	6.8439
41	100	6.8818
41	101	6.8666
41	102	6.7980
41	103	6.6759
41	104	6.5003
41	105	6.2713
41	106	5.9895
41	107	5.6557
41	108	5.2715
41	109	4.8396
41	110	4.3654
41	111	3.8583
41	112	3.3355
41	113	2.8247
41	114	2.3637
41	115	1.9873
41	116	1.7071
41	117	1.5036
41	118	1.3439
41	119	1.2006
41	120	1.0591
41	121	0.9172
41	122	0.7826
41	123	0.6709
41	124	0.6004
41	125	0.5846
41	126	0.6248
41	127	0.7104
41	128	0.8249
41	129	0.9540
41	130	1.0881
41	131	1.2228
41	132	1.3568
41	133	1.4902
41	134	1.6227
41	135	1.7526
41	136	1.8769
41	137	1.9917
41	138	2.0932
41	139	2.1777
41	140	2.2426
41	141	2.2861
41	142	2.3074
41	143	2.3063
41	144	2.2832
41	145	2.2387
41	146	2.1736
41	147	2.0884
41	148	1.9835
41	149	1.8592
41	150	1.7160
41	151	1.5550
41	152	1.3781
41	153	1.1888
41	154	0.9927
41	155	0.7974
41	156	0.6121
41	157	0.4465
41	158	0.3081
41	159	0.2011
41	160	0.1247
41	161	0.0752
41	162	0.0477
41	163	0.0384
41	164	0.0460
41	165	0.0724
41	166	0.1212
41	167	0.1962
41	168	0.2987
41	169	0.4251
41	170	0.5668
41	171	0.7123
41	172	0.8497
41	173	0.9685
41	174	1.0610
41	175	1.1223
41	176	1.1506
41	177	1.1474
41	178	1.1184
41	179	1.0748
41	180	1.0344
41	181	1.0195
41	182	1.0499
41	183	1.1324
41	184	1.2564
41	185	1.3995
41	186	1.5388
41	187	1.6561
41	188	1.7397
41	189	1.7828
41	190	1.7819
41	191	1.7361
41	192	1.6461
41	193	1.5147
41	194	1.3468
41	195	1.1503
41	196	0.9363
41	197	0.7197
41	198	0.5174
41	199	0.3454
41	200	0.2133
41	201	0.1219
41	202	0.0648
41	203	0.0322
41	204	0.0150
42	60	0.0126
42	61	0.0249
42	62	0.0462
42	63	0.0802
42	64	0.1301
42	65	0.1969
42	66	0.2785
42	67	0.3691
42	68	0.4606
42	69	0.5440
42	70	0.6116
42	71	0.6582
42	72	0.6820
42	73	0.6861
42	74	0.6789
42	75	0.6749
42	76	0.6927
42	77	0.7500
42	78	0.8551
42	79	1.0036
42	80	1.1825
42	81	1.3793
42	82	1.5891
42	83	1.8171
42	84	2.0777
42	85	2.3882
42	86	2.7586
42	87	3.1846
42	88	3.6481
42	89	4.1263
42	90	4.5987
42	91	5.0500
42	92	5.4699
42	93	5.8513
42	94	6.1896
42	95	6.4816
42	96	6.7250
42	97	6.9183
42	98	7.0603
42	99	7.1501
42	100	7.1870
42	101	7.1707
42	102	7.1008
42	103	6.9772
42	104	6.7998
42	105	6.5687
42	106	6.2844
42	107	5.9475
42	108	5.5592
42	109	5.1216
42	110	4.6385
42	111	4.1170
42	112	3.5699
42	113	3.0195
42	114	2.4998
42	115	2.0508
42	116	1.6994
42	117	1.4417
42	118	1.2488
42	119	1.0891
42	120	0.9425
42	121	0.8025
42	122	0.6735
42	123	0.5676
42	124	0.4996
42	125	0.4804
42	126	0.5112
42	127	0.5841
42	128	0.6860
42	129	0.8047
42	130	0.9320
42	131	1.0634
42	132	1.1971
42	133	1.3323
42	134	1.4676
42	135	1.6006
42	136	1.7282
42	137	1.8466
42	138	1.9523
42	139	2.0425
42	140	2.1154
42	141	2.1698
42	142	2.2052
42	143	2.2214
42	144	2.2181
42	145	2.1947
42	146	2.1503
42	147	2.0838
42	148	1.9939
42	149	1.8797
42	150	1.7410
42	151	1.5788
42	152	1.3957
42	153	1.1966
42	154	0.9888
42	155	0.7822
42	156	0.5884
42	157	0.4186
42	158	0.2807
42	159	0.1776
42	160	0.1068
42	161	0.0625
42	162	0.0385
42	163	0.0303
42	164	0.0362
42	165	0.0574
42	166	0.0970
42	167	0.1589
42	168	0.2453
42	169	0.3543
42	170	0.4797
42	171	0.6117
42	172	0.7393
42	173	0.8523
42	174	0.9425
42	175	1.0048
42	176	1.0366
42	177	1.0393
42	178	1.0179
42	179	0.9832
42	180	0.9519
42	181	0.9445
42	182	0.9789
42	183	1.0612
42	184	1.1811
42	185	1.3183
42	186	1.4511
42	187	1.5623
42	188	1.6406
42	189	1.6793
42	190	1.6751
42	191	1.6270
42	192	1.5361
42	193	1.4056
42	194	1.2407
42	195	1.0499
42	196	0.8450
42	197	0.6410
42	198	0.4542
42	199	0.2988
42	200	0.1819
42	201	0.1027
42	202	0.0540
42	203	0.0266
42	204	0.0123
43	60	0.0112
43	61	0.0221
43	62	0.0411
43	63	0.0715
43	64	0.1162
43	65	0.1765
43	66	0.2507
43	67	0.3337
43	68	0.4181
43	69	0.4956
43	70	0.5588
43	71	0.6027
43	72	0.6259
43	73	0.6312
43	74	0.6275
43	75	0.6294
43	76	0.6555
43	77	0.7232
43	78	0.8406
43	79	1.0034
43	80	1.1994
43	81	1.4178
43	82	1.6551
43	83	1.9173
43	84	2.2174
43	85	2.5684
43	86	2.9744
43	87	3.4268
43	88	3.9073
43	89	4.3952
43	90	4.8728
43	91	5.3267
43	92	5.7479
43	93	6.1298
43	94	6.4682
43	95	6.7601
43	96	7.0032
43	97	7.1959
43	98	7.3373
43	99	7.4262
43	100	7.4622
43	101	7.4447
43	102	7.3735
43	103	7.2484
43	104	7.0693
43	105	6.8364
43	106	6.5498
43	107	6.2103
43	108	5.8186
43	109	5.3764
43	110	4.8866
43	111	4.3544
43	112	3.7894
43	113	3.2087
43	114	2.6408
43	115	2.1253
43	116	1.7002
43	117	1.3796
43	118	1.1453
43	119	0.9648
43	120	0.8124
43	121	0.6760
43	122	0.5558
43	123	0.4597
43	124	0.3982
43	125	0.3789
43	126	0.4029
43	127	0.4639
43	128	0.5526
43	129	0.6595
43	130	0.7780
43	131	0.9041
43	132	1.0357
43	133	1.1711
43	134	1.3081
43	135	1.4436
43	136	1.5740
43	137	1.6960
43	138	1.8069
43	139	1.9046
43	140	1.9883
43	141	2.0574
43	142	2.1114
43	143	2.1495
43	144	2.1700
43	145	2.1707
43	146	2.1489
43	147	2.1018
43	148	2.0269
43	149	1.9224
43	150	1.7878
43	151	1.6243
43	152	1.4351
43	153	1.2261
43	154	1.0062
43	155	0.7874
43	156	0.5833
43	157	0.4070
43	158	0.2668
43	159	0.1647
43	160	0.0965
43	161	0.0549
43	162	0.0326
43	163	0.0245
43	164	0.0280
43	165	0.0437
43	166	0.0742
43	167	0.1228
43	168	0.1922
43	169	0.2822
43	170	0.3886
43	171	0.5038
43	172	0.6182
43	173	0.7222
43	174	0.8076
43	175	0.8688
43	176	0.9030
43	177	0.9108
43	178	0.8971
43	179	0.8718
43	180	0.8504
43	181	0.8514
43	182	0.8905
43	183	0.9725
43	184	1.0880
43	185	1.2183
43	186	1.3434
43	187	1.4475
43	188	1.5196
43	189	1.5533
43	190	1.5455
43	191	1.4954
43	192	1.4044
43	193	1.2761
43	194	1.1164
43	195	0.9343
43	196	0.7421
43	197	0.5547
43	198	0.3870
43	199	0.2507
43	200	0.1506
43	201	0.0841
43	202	0.0438
43	203	0.0214
44	61	0.0185
44	62	0.0345
44	63	0.0601
44	64	0.0980
44	65	0.1496
44	66	0.2135
44	67	0.2859
44	68	0.3603
44	69	0.4293
44	70	0.4861
44	71	0.5261
44	72	0.5479
44	73	0.5545
44	74	0.5547
44	75	0.5627
44	76	0.5971
44	77	0.6746
44	78	0.8034
44	79	0.9801
44	80	1.1942
44	81	1.4362
44	82	1.7039
44	83	2.0029
44	84	2.3434
44	85	2.7330
44	86	3.1709
44	87	3.6459
44	88	4.1404
44	89	4.6361
44	90	5.1178
44	91	5.5737
44	92	5.9957
44	93	6.3780
44	94	6.7163
44	95	7.0078
44	96	7.2505
44	97	7.4426
44	98	7.5832
44	99	7.6713
44	100	7.7063
44	101	7.6878
44	102	7.6153
44	103	7.4888
44	104	7.3081
44	105	7.0734
44	106	6.7849
44	107	6.4430
44	108	6.0484
44	109	5.6026
44	110	5.1076
44	111	4.5676
44	112	3.9894
44	113	3.3864
44	114	2.7812
44	115	2.2096
44	116	1.7144
44	117	1.3263
44	118	1.0434
44	119	0.8377
44	120	0.6786
44	121	0.5477
44	122	0.4395
44	123	0.3571
44	124	0.3063
44	125	0.2914
44	126	0.3124
44	127	0.3647
44	128	0.4415
44	129	0.5365
44	130	0.6449
44	131	0.7636
44	132	0.8905
44	133	1.0235
44	134	1.1597
44	135	1.2955
44	136	1.4275
44	137	1.5525
44	138	1.6687
44	139	1.7752
44	140	1.8718
44	141	1.9581
44	142	2.0333
44	143	2.0953
44	144	2.1406
44	145	2.1652
44	146	2.1648
44	147	2.1353
44	148	2.0735
44	149	1.9773
44	150	1.8462
44	151	1.6817
44	152	1.4875
44	153	1.2701
44	154	1.0398
44	155	0.8098
44	156	0.5956
44	157	0.4116
44	158	0.2670
44	159	0.1630
44	160	0.0946
44	161	0.0532
44	162	0.0307
44	163	0.0213
44	164	0.0220
44	165	0.0324
44	166	0.0543
44	167	0.0905
44	168	0.1434
44	169	0.2140
44	170	0.2999
44	171	0.3958
44	172	0.4940
44	173	0.5858
44	174	0.6635
44	175	0.7213
44	176	0.7560
44	177	0.7680
44	178	0.7614
44	179	0.7455
44	180	0.7341
44	181	0.7437
44	182	0.7875
44	183	0.8688
44	184	0.9790
44	185	1.1012
44	186	1.2175
44	187	1.3132
44	188	1.3782
44	189	1.4063
44	190	1.3947
44	191	1.3429
44	192	1.2528
44	193	1.1284
44	194	0.9763
44	195	0.8063
44	196	0.6306
44	197	0.4634
44	198	0.3179
44	199	0.2028
44	200	0.1202
44	201	0.0664
44	202	0.0343
44	203	0.0167
45	61	0.0146
45	62	0.0272
45	63	0.0476
45	64	0.0779
45	65	0.1195
45	66	0.1718
45	67	0.2316
45	68	0.2938
45	69	0.3523
45	70	0.4010
45	71	0.4358
45	72	0.4555
45	73	0.4632
45	74	0.4672
45	75	0.4814
45	76	0.5234
45	77	0.6096
45	78	0.7489
45	79	0.9392
45	80	1.1722
45	81	1.4398
45	82	1.7399
45	83	2.0764
45	84	2.4556
45	85	2.8802
45	86	3.3455
45	87	3.8391
45	88	4.3450
45	89	4.8471
45	90	5.3320
45	91	5.7896
45	92	6.2123
45	93	6.5946
45	94	6.9328
45	95	7.2240
45	96	7.4662
45	97	7.6577
45	98	7.7976
45	99	7.8849
45	100	7.9189
45	101	7.8993
45	102	7.8256
45	103	7.6978
45	104	7.5157
45	105	7.2794
45	106	6.9890
45	107	6.6451
45	108	6.2481
45	109	5.7993
45	110	5.3003
45	111	4.7543
45	112	4.1667
45	113	3.5476
45	114	2.9149
45	115	2.2990
45	116	1.7428
45	117	1.2887
45	118	0.9532
45	119	0.7185
45	120	0.5520
45	121	0.4282
45	122	0.3347
45	123	0.2692
45	124	0.2328
45	125	0.2268
45	126	0.2498
45	127	0.2982
45	128	0.3670
45	129	0.4520
45	130	0.5501
45	131	0.6595
45	132	0.7786
45	133	0.9054
45	134	1.0370
45	135	1.1698
45	136	1.3005
45	137	1.4267
45	138	1.5473
45	139	1.6623
45	140	1.7719
45	141	1.8759
45	142	1.9720
45	143	2.0567
45	144	2.1246
45	145	2.1700
45	146	2.1874
45	147	2.1721
45	148	2.1205
45	149	2.0309
45	150	1.9028
45	151	1.7381
45	152	1.5409
45	153	1.3184
45	154	1.0812
45	155	0.8435
45	156	0.6218
45	157	0.4312
45	158	0.2813
45	159	0.1734
45	160	0.1020
45	161	0.0581
45	162	0.0332
45	163	0.0212
45	164	0.0185
45	165	0.0240
45	166	0.0384
45	167	0.0636
45	168	0.1018
45	169	0.1540
45	170	0.2196
45	171	0.2952
45	172	0.3749
45	173	0.4518
45	174	0.5190
45	175	0.5709
45	176	0.6042
45	177	0.6188
45	178	0.6184
45	179	0.6112
45	180	0.6094
45	181	0.6269
45	182	0.6742
45	183	0.7537
45	184	0.8572
45	185	0.9700
45	186	1.0762
45	187	1.1625
45	188	1.2195
45	189	1.2416
45	190	1.2263
45	191	1.1735
45	192	1.0856
45	193	0.9672
45	194	0.8257
45	195	0.6711
45	196	0.5156
45	197	0.3719
45	198	0.2505
45	199	0.1573
45	200	0.0920
45	201	0.0503
45	202	0.0258
45	203	0.0125
46	61	0.0109
46	62	0.0203
46	63	0.0355
46	64	0.0584
46	65	0.0900
46	66	0.1301
46	67	0.1767
46	68	0.2258
46	69	0.2725
46	70	0.3120
46	71	0.3408
46	72	0.3579
46	73	0.3664
46	74	0.3739
46	75	0.3935
46	76	0.4420
46	77	0.5355
46	78	0.6839
46	79	0.8875
46	80	1.1398
46	81	1.4338
46	82	1.7666
46	83	2.1390
46	84	2.5532
46	85	3.0079
46	86	3.4958
46	87	4.0046
46	88	4.5197
46	89	5.0270
46	90	5.5148
46	91	5.9737
46	92	6.3969
46	93	6.7794
46	94	7.1174
46	95	7.4082
46	96	7.6499
46	97	7.8409
46	98	7.9800
46	99	8.0665
46	100	8.0997
46	101	8.0791
46	102	8.0044
46	103	7.8753
46	104	7.6919
46	105	7.4541
46	106	7.1621
46	107	6.8164
46	108	6.4173
46	109	5.9659
46	110	5.4638
46	111	4.9133
46	112	4.3188
46	113	3.6883
46	114	3.0360
46	115	2.3872
46	116	1.7821
46	117	1.2691
46	118	0.8818
46	119	0.6166
46	120	0.4423
46	121	0.3264
46	122	0.2493
46	123	0.2025
46	124	0.1832
46	125	0.1899
46	126	0.2201
46	127	0.2702
46	128	0.3362
46	129	0.4147
46	130	0.5038
46	131	0.6026
46	132	0.7108
46	133	0.8270
46	134	0.9493
46	135	1.0746
46	136	1.2003
46	137	1.3246
46	138	1.4472
46	139	1.5687
46	140	1.6896
46	141	1.8087
46	142	1.9227
46	143	2.0261
46	144	2.1121
46	145	2.1736
46	146	2.2044
46	147	2.1995
46	148	2.1556
46	149	2.0711
46	150	1.9461
46	151	1.7826
46	152	1.5853
46	153	1.3617
46	154	1.1227
46	155	0.8828
46	156	0.6584
46	157	0.4643
46	158	0.3099
46	159	0.1969
46	160	0.1199
46	161	0.0707
46	162	0.0411
46	163	0.0249
46	164	0.0181
46	165	0.0188
46	166	0.0268
46	167	0.0429
46	168	0.0687
46	169	0.1051
46	170	0.1522
46	171	0.2081
46	172	0.2690
46	173	0.3295
46	174	0.3841
46	175	0.4279
46	176	0.4577
46	177	0.4733
46	178	0.4777
46	179	0.4778
46	180	0.4840
46	181	0.5075
46	182	0.5565
46	183	0.6321
46	184	0.7272
46	185	0.8290
46	186	0.9238
46	187	0.9997
46	188	1.0482
46	189	1.0643
46	190	1.0458
46	191	0.9931
46	192	0.9093
46	193	0.7996
46	194	0.6719
46	195	0.5362
46	196	0.4038
46	197	0.2855
46	198	0.1887
46	199	0.1166
46	200	0.0673
46	201	0.0365
46	202	0.0186
47	62	0.0142
47	63	0.0249
47	64	0.0411
47	65	0.0637
47	66	0.0926
47	67	0.1266
47	68	0.1629
47	69	0.1980
47	70	0.2281
47	71	0.2505
47	72	0.2646
47	73	0.2734
47	74	0.2838
47	75	0.3078
47	76	0.3613
47	77	0.4602
47	78	0.6161
47	79	0.8317
47	80	1.1027
47	81	1.4224
47	82	1.7857
47	83	2.1904
47	84	2.6346
47	85	3.1140
47	86	3.6202
47	87	4.1412
47	88	4.6638
47	89	5.1755
47	90	5.6657
47	91	6.1258
47	92	6.5496
47	93	6.9321
47	94	7.2700
47	95	7.5605
47	96	7.8017
47	97	7.9922
47	98	8.1307
47	99	8.2164
47	100	8.2488
47	101	8.2272
47	102	8.1515
47	103	8.0214
47	104	7.8368
47	105	7.5977
47	106	7.3042
47	107	6.9568
47	108	6.5559
47	109	6.1024
47	110	5.5976
47	111	5.0436
47	112	4.4442
47	113	3.8055
47	114	3.1395
47	115	2.4676
47	116	1.8259
47	117	1.2652
47	118	0.8319
47	119	0.5377
47	120	0.3557
47	121	0.2480
47	122	0.1873
47	123	0.1595
47	124	0.1583
47	125	0.1803
47	126	0.2218
47	127	0.2786
47	128	0.3466
47	129	0.4225
47	130	0.5046
47	131	0.5928
47	132	0.6877
47	133	0.7896
47	134	0.8981
47	135	1.0114
47	136	1.1279
47	137	1.2467
47	138	1.3679
47	139	1.4925
47	140	1.6207
47	141	1.7506
47	142	1.8775
47	143	1.9944
47	144	2.0931
47	145	2.1658
47	146	2.2058
47	147	2.2083
47	148	2.1701
47	149	2.0900
47	150	1.9686
47	151	1.8084
47	152	1.6144
47	153	1.3946
47	154	1.1600
47	155	0.9245
47	156	0.7034
47	157	0.5103
47	158	0.3534
47	159	0.2345
47	160	0.1498
47	161	0.0925
47	162	0.0555
47	163	0.0331
47	164	0.0211
47	165	0.0170
47	166	0.0194
47	167	0.0283
47	168	0.0443
47	169	0.0680
47	170	0.0997
47	171	0.1384
47	172	0.1817
47	173	0.2262
47	174	0.2675
47	175	0.3018
47	176	0.3266
47	177	0.3414
47	178	0.3488
47	179	0.3543
47	180	0.3661
47	181	0.3928
47	182	0.4407
47	183	0.5099
47	184	0.5945
47	185	0.6837
47	186	0.7659
47	187	0.8306
47	188	0.8704
47	189	0.8808
47	190	0.8601
47	191	0.8094
47	192	0.7321
47	193	0.6341
47	194	0.5233
47	195	0.4093
47	196	0.3018
47	197	0.2090
47	198	0.1356
47	199	0.0825
47	200	0.0471
47	201	0.0252
47	202	0.0128
48	63	0.0165
48	64	0.0272
48	65	0.0424
48	66	0.0619
48	67	0.0851
48	68	0.1102
48	69	0.1347
48	70	0.1561
48	71	0.1724
48	72	0.1836
48	73	0.1922
48	74	0.2047
48	75	0.2317
48	76	0.2882
48	77	0.3904
48	78	0.5516
48	79	0.7772
48	80	1.0648
48	81	1.4072
48	82	1.7972
48	83	2.2290
48	84	2.6977
48	85	3.1969
48	86	3.7176
48	87	4.2485
48	88	4.7773
48	89	5.2928
48	90	5.7850
48	91	6.2463
48	92	6.6706
48	93	7.0532
48	94	7.3910
48	95	7.6812
48	96	7.9220
48	97	8.1119
48	98	8.2498
48	99	8.3348
48	100	8.3664
48	101	8.3441
48	102	8.2674
48	103	8.1363
48	104	7.9506
48	105	7.7103
48	106	7.4155
48	107	7.0666
48	108	6.6641
48	109	6.2088
48	110	5.7017
48	111	5.1450
48	112	4.5417
48	113	3.8974
48	114	3.2220
48	115	2.5343
48	116	1.8671
48	117	1.2711
48	118	0.8011
48	119	0.4823
48	120	0.2940
48	121	0.1940
48	122	0.1484
48	123	0.1385
48	124	0.1552
48	125	0.1934
48	126	0.2484
48	127	0.3151
48	128	0.3885
48	129	0.4646
48	130	0.5417
48	131	0.6198
48	132	0.7005
48	133	0.7860
48	134	0.8775
48	135	0.9754
48	136	1.0792
48	137	1.1889
48	138	1.3050
48	139	1.4286
48	140	1.5595
48	141	1.6951
48	142	1.8294
48	143	1.9542
48	144	2.0606
48	145	2.1402
48	146	2.1861
48	147	2.1937
48	148	2.1601
48	149	2.0844
48	150	1.9678
48	151	1.8135
48	152	1.6269
48	153	1.4163
48	154	1.1925
48	155	0.9684
48	156	0.7570
48	157	0.5693
48	158	0.4121
48	159	0.2873
48	160	0.1928
48	161	0.1244
48	162	0.0772
48	163	0.0464
48	164	0.0278
48	165	0.0183
48	166	0.0157
48	167	0.0189
48	168	0.0276
48	169	0.0419
48	170	0.0617
48	171	0.0867
48	172	0.1155
48	173	0.1457
48	174	0.1747
48	175	0.1996
48	176	0.2186
48	177	0.2314
48	178	0.2398
48	179	0.2482
48	180	0.2627
48	181	0.2896
48	182	0.3333
48	183	0.3937
48	184	0.4657
48	185	0.5409
48	186	0.6094
48	187	0.6625
48	188	0.6938
48	189	0.6993
48	190	0.6781
48	191	0.6315
48	192	0.5634
48	193	0.4798
48	194	0.3883
48	195	0.2974
48	196	0.2147
48	197	0.1458
48	198	0.0929
48	199	0.0557
48	200	0.0314
48	201	0.0167
49	63	0.0102
49	64	0.0170
49	65	0.0265
49	66	0.0388
49	67	0.0536
49	68	0.0697
49	69	0.0857
49	70	0.0998
49	71	0.1110
49	72	0.1195
49	73	0.1277
49	74	0.1412
49	75	0.1697
49	76	0.2273
49	77	0.3304
49	78	0.4942
49	79	0.7267
49	80	1.0272
49	81	1.3880
49	82	1.7993
49	83	2.2526
49	84	2.7406
49	85	3.2554
49	86	3.7877
49	87	4.3266
49	88	4.8607
49	89	5.3794
49	90	5.8736
49	91	6.3359
49	92	6.7606
49	93	7.1434
49	94	7.4809
49	95	7.7708
49	96	8.0112
49	97	8.2006
49	98	8.3379
49	99	8.4223
49	100	8.4532
49	101	8.4300
49	102	8.3525
49	103	8.2205
49	104	8.0338
49	105	7.7923
49	106	7.4964
49	107	7.1461
49	108	6.7422
49	109	6.2851
49	110	5.7762
49	111	5.2172
49	112	4.6110
49	113	3.9626
49	114	3.2809
49	115	2.5829
49	116	1.8992
49	117	1.2795
49	118	0.7836
49	119	0.4469
49	120	0.2544
49	121	0.1614
49	122	0.1290
49	123	0.1349
49	124	0.1681
49	125	0.2220
49	126	0.2909
49	127	0.3685
49	128	0.4485
49	129	0.5264
49	130	0.5998
49	131	0.6688
49	132	0.7359
49	133	0.8045
49	134	0.8781
49	135	0.9587
49	136	1.0477
49	137	1.1457
49	138	1.2537
49	139	1.3725
49	140	1.5015
49	141	1.6375
49	142	1.7738
49	143	1.9017
49	144	2.0115
49	145	2.0945
49	146	2.1440
49	147	2.1553
49	148	2.1259
49	149	2.0554
49	150	1.9456
49	151	1.8003
49	152	1.6255
49	153	1.4297
49	154	1.2230
49	155	1.0164
49	156	0.8198
49	157	0.6412
49	158	0.4854
49	159	0.3544
49	160	0.2486
49	161	0.1667
49	162	0.1065
49	163	0.0649
49	164	0.0381
49	165	0.0225
49	166	0.0151
49	167	0.0138
49	168	0.0172
49	169	0.0248
49	170	0.0363
49	171	0.0513
49	172	0.0690
49	173	0.0881
49	174	0.1069
49	175	0.1236
49	176	0.1370
49	177	0.1470
49	178	0.1549
49	179	0.1640
49	180	0.1784
49	181	0.2028
49	182	0.2398
49	183	0.2894
49	184	0.3476
49	185	0.4078
49	186	0.4623
49	187	0.5039
49	188	0.5272
49	189	0.5291
49	190	0.5090
49	191	0.4687
49	192	0.4121
49	193	0.3448
49	194	0.2737
49	195	0.2054
49	196	0.1453
49	197	0.0968
49	198	0.0607
49	199	0.0359
49	200	0.0200
49	201	0.0105
50	65	0.0155
50	66	0.0228
50	67	0.0316
50	68	0.0413
50	69	0.0510
50	70	0.0598
50	71	0.0670
50	72	0.0733
50	73	0.0808
50	74	0.0945
50	75	0.1231
50	76	0.1798
50	77	0.2815
50	78	0.4446
50	79	0.6802
50	80	0.9889
50	81	1.3626
50	82	1.7897
50	83	2.2592
50	84	2.7619
50	85	3.2889
50	86	3.8306
50	87	4.3762
50	88	4.9148
50	89	5.4363
50	90	5.9322
50	91	6.3954
50	92	6.8205
50	93	7.2033
50	94	7.5407
50	95	7.8302
50	96	8.0701
50	97	8.2590
50	98	8.3957
50	99	8.4794
50	100	8.5096
50	101	8.4857
50	102	8.4074
50	103	8.2745
50	104	8.0868
50	105	7.8443
50	106	7.5472
50	107	7.1958
50	108	6.7904
50	109	6.3319
50	110	5.8213
50	111	5.2603
50	112	4.6518
50	113	4.0005
50	114	3.3148
50	115	2.6105
50	116	1.9170
50	117	1.2834
50	118	0.7722
50	119	0.4252
50	120	0.2314
50	121	0.1449
50	122	0.1237
50	123	0.1430
50	124	0.1906
50	125	0.2586
50	126	0.3402
50	127	0.4277
50	128	0.5140
50	129	0.5938
50	130	0.6642
50	131	0.7253
50	132	0.7801
50	133	0.8331
50	134	0.8894
50	135	0.9531
50	136	1.0268
50	137	1.1120
50	138	1.2099
50	139	1.3208
50	140	1.4441
50	141	1.5760
50	142	1.7099
50	143	1.8366
50	144	1.9464
50	145	2.0304
50	146	2.0819
50	147	2.0963
50	148	2.0715
50	149	2.0076
50	150	1.9071
50	151	1.7743
50	152	1.6158
50	153	1.4398
50	154	1.2551
50	155	1.0700
50	156	0.8912
50	157	0.7233
50	158	0.5696
50	159	0.4324
50	160	0.3144
50	161	0.2174
50	162	0.1423
50	163	0.0880
50	164	0.0517
50	165	0.0293
50	166	0.0170
50	167	0.0117
50	168	0.0113
50	169	0.0144
50	170	0.0203
50	171	0.0287
50	172	0.0388
50	173	0.0501
50	174	0.0614
50	175	0.0717
50	176	0.0804
50	177	0.0876
50	178	0.0941
50	179	0.1022
50	180	0.1147
50	181	0.1346
50	182	0.1637
50	183	0.2017
50	184	0.2458
50	185	0.2913
50	186	0.3322
50	187	0.3630
50	188	0.3794
50	189	0.3790
50	190	0.3617
50	191	0.3292
50	192	0.2852
50	193	0.2346
50	194	0.1828
50	195	0.1346
50	196	0.0935
50	197	0.0613
50	198	0.0379
50	199	0.0221
50	200	0.0122
51	66	0.0126
51	67	0.0175
51	68	0.0230
51	69	0.0285
51	70	0.0335
51	71	0.0381
51	72	0.0427
51	73	0.0494
51	74	0.0625
51	75	0.0900
51	76	0.1443
51	77	0.2421
51	78	0.4015
51	79	0.6356
51	80	0.9471
51	81	1.3282
51	82	1.7658
51	83	2.2470
51	84	2.7609
51	85	3.2976
51	86	3.8469
51	87	4.3981
51	88	4.9406
51	89	5.4646
51	90	5.9619
51	91	6.4258
51	92	6.8511
51	93	7.2339
51	94	7.5710
51	95	7.8601
51	96	8.0995
51	97	8.2878
51	98	8.4239
51	99	8.5070
51	100	8.5364
51	101	8.5118
51	102	8.4327
51	103	8.2989
51	104	8.1102
51	105	7.8668
51	106	7.5686
51	107	7.2160
51	108	6.8094
51	109	6.3495
51	110	5.8373
51	111	5.2747
51	112	4.6644
51	113	4.0109
51	114	3.3227
51	115	2.6151
51	116	1.9171
51	117	1.2776
51	118	0.7606
51	119	0.4107
51	120	0.2191
51	121	0.1391
51	122	0.1272
51	123	0.1577
51	124	0.2171
51	125	0.2969
51	126	0.3887
51	127	0.4842
51	128	0.5753
51	129	0.6562
51	130	0.7236
51	131	0.7778
51	132	0.8219
51	133	0.8615
51	134	0.9027
51	135	0.9511
51	136	1.0106
51	137	1.0833
51	138	1.1702
51	139	1.2716
51	140	1.3864
51	141	1.5110
51	142	1.6390
51	143	1.7614
51	144	1.8687
51	145	1.9521
51	146	2.0048
51	147	2.0225
51	148	2.0033
51	149	1.9480
51	150	1.8594
51	151	1.7425
51	152	1.6039
51	153	1.4510
51	154	1.2906
51	155	1.1283
51	156	0.9674
51	157	0.8101
51	158	0.6584
51	159	0.5152
51	160	0.3851
51	161	0.2728
51	162	0.1821
51	163	0.1143
51	164	0.0675
51	165	0.0378
51	166	0.0206
51	167	0.0118
51	170	0.0111
51	171	0.0153
51	172	0.0206
51	173	0.0268
51	174	0.0331
51	175	0.0391
51	176	0.0444
51	177	0.0491
51	178	0.0539
51	179	0.0602
51	180	0.0699
51	181	0.0847
51	182	0.1057
51	183	0.1329
51	184	0.1642
51	185	0.1963
51	186	0.2250
51	187	0.2464
51	188	0.2572
51	189	0.2557
51	190	0.2421
51	191	0.2179
51	192	0.1863
51	193	0.1509
51	194	0.1157
51	195	0.0838
51	196	0.0573
51	197	0.0370
51	198	0.0226
51	199	0.0130
52	68	0.0120
52	69	0.0149
52	70	0.0177
52	71	0.0205
52	72	0.0239
52	73	0.0298
52	74	0.0419
52	75	0.0674
52	76	0.1178
52	77	0.2097
52	78	0.3620
52	79	0.5901
52	80	0.8992
52	81	1.2823
52	82	1.7258
52	83	2.2150
52	84	2.7374
52	85	3.2819
52	86	3.8375
52	87	4.3935
52	88	4.9392
52	89	5.4652
52	90	5.9637
52	91	6.4281
52	92	6.8535
52	93	7.2360
52	94	7.5727
52	95	7.8613
52	96	8.1001
52	97	8.2878
52	98	8.4232
52	99	8.5056
52	100	8.5343
52	101	8.5089
52	102	8.4289
52	103	8.2943
52	104	8.1048
52	105	7.8603
52	106	7.5611
52	107	7.2074
52	108	6.7996
52	109	6.3384
52	110	5.8249
52	111	5.2608
52	112	4.6489
52	113	3.9940
52	114	3.3043
52	115	2.5957
52	116	1.8972
52	117	1.2584
52	118	0.7436
52	119	0.3980
52	120	0.2122
52	121	0.1392
52	122	0.1356
52	123	0.1751
52	124	0.2440
52	125	0.3326
52	126	0.4320
52	127	0.5327
52	128	0.6264
52	129	0.7069
52	130	0.7710
52	131	0.8188
52	132	0.8538
52	133	0.8820
52	134	0.9106
52	135	0.9462
52	136	0.9935
52	137	1.0550
52	138	1.1316
52	139	1.2229
52	140	1.3279
52	141	1.4432
52	142	1.5632
52	143	1.6795
52	144	1.7829
52	145	1.8650
52	146	1.9191
52	147	1.9408
52	148	1.9287
52	149	1.8839
52	150	1.8096
52	151	1.7109
52	152	1.5940
52	153	1.4649
52	154	1.3284
52	155	1.1871
52	156	1.0420
52	157	0.8937
52	158	0.7434
52	159	0.5948
52	160	0.4538
52	161	0.3275
52	162	0.2222
52	163	0.1412
52	164	0.0840
52	165	0.0470
52	166	0.0250
52	167	0.0131
52	172	0.0104
52	173	0.0135
52	174	0.0168
52	175	0.0200
52	176	0.0230
52	177	0.0259
52	178	0.0292
52	179	0.0336
52	180	0.0403
52	181	0.0505
52	182	0.0646
52	183	0.0826
52	184	0.1033
52	185	0.1244
52	186	0.1432
52	187	0.1570
52	188	0.1637
52	189	0.1621
52	190	0.1523
52	191	0.1358
52	192	0.1147
52	193	0.0917
52	194	0.0693
52	195	0.0495
52	196	0.0334
52	197	0.0213
52	198	0.0128
53	71	0.0106
53	72	0.0132
53	73	0.0182
53	74	0.0290
53	75	0.0518
53	76	0.0974
53	77	0.1816
53	78	0.3238
53	79	0.5417
53	80	0.8432
53	81	1.2235
53	82	1.6687
53	83	2.1629
53	84	2.6916
53	85	3.2423
53	86	3.8032
53	87	4.3631
53	88	4.9115
53	89	5.4391
53	90	5.9383
53	91	6.4030
53	92	6.8282
53	93	7.2103
53	94	7.5465
53	95	7.8345
53	96	8.0726
53	97	8.2595
53	98	8.3942
53	99	8.4759
53	100	8.5038
53	101	8.4776
53	102	8.3969
53	103	8.2614
53	104	8.0709
53	105	7.8256
53	106	7.5254
53	107	7.1706
53	108	6.7616
53	109	6.2992
53	110	5.7845
53	111	5.2191
53	112	4.6060
53	113	3.9501
53	114	3.2600
53	115	2.5520
53	116	1.8564
53	117	1.2236
53	118	0.7183
53	119	0.3833
53	120	0.2071
53	121	0.1423
53	122	0.1463
53	123	0.1934
53	124	0.2695
53	125	0.3644
53	126	0.4683
53	127	0.5715
53	128	0.6654
53	129	0.7437
53	130	0.8034
53	131	0.8447
53	132	0.8715
53	133	0.8900
53	134	0.9081
53	135	0.9332
53	136	0.9706
53	137	1.0227
53	138	1.0900
53	139	1.1718
53	140	1.2669
53	141	1.3726
53	142	1.4839
53	143	1.5936
53	144	1.6932
53	145	1.7744
53	146	1.8306
53	147	1.8577
53	148	1.8543
53	149	1.8214
53	150	1.7626
53	151	1.6826
53	152	1.5867
53	153	1.4794
53	154	1.3634
53	155	1.2394
53	156	1.1067
53	157	0.9652
53	158	0.8159
53	159	0.6630
53	160	0.5133
53	161	0.3755
53	162	0.2578
53	163	0.1654
53	164	0.0992
53	165	0.0556
53	166	0.0294
53	167	0.0148
53	176	0.0113
53	177	0.0130
53	178	0.0150
53	179	0.0178
53	180	0.0221
53	181	0.0285
53	182	0.0373
53	183	0.0485
53	184	0.0612
53	185	0.0741
53	186	0.0856
53	187	0.0939
53	188	0.0977
53	189	0.0964
53	190	0.0900
53	191	0.0796
53	192	0.0666
53	193	0.0527
53	194	0.0394
53	195	0.0278
53	196	0.0186
53	197	0.0117
54	73	0.0115
54	74	0.0208
54	75	0.0406
54	76	0.0807
54	77	0.1558
54	78	0.2855
54	79	0.4894
54	80	0.7786
54	81	1.1514
54	82	1.5945
54	83	2.0908
54	84	2.6239
54	85	3.1795
54	86	3.7446
54	87	4.3076
54	88	4.8580
54	89	5.3868
54	90	5.8864
54	91	6.3509
54	92	6.7758
54	93	7.1573
54	94	7.4928
54	95	7.7801
54	96	8.0175
54	97	8.2036
54	98	8.3375
54	99	8.4184
54	100	8.4456
54	101	8.4185
54	102	8.3370
54	103	8.2007
54	104	8.0094
54	105	7.7631
54	106	7.4620
54	107	7.1062
54	108	6.6962
54	109	6.2327
54	110	5.7168
54	111	5.1503
54	112	4.5363
54	113	3.8798
54	114	3.1900
54	115	2.4843
54	116	1.7945
54	117	1.1727
54	118	0.6831
54	119	0.3647
54	120	0.2017
54	121	0.1467
54	122	0.1583
54	123	0.2121
54	124	0.2938
54	125	0.3928
54	126	0.4988
54	127	0.6019
54	128	0.6935
54	129	0.7677
54	130	0.8216
54	131	0.8558
54	132	0.8743
54	133	0.8838
54	134	0.8927
54	135	0.9088
54	136	0.9377
54	137	0.9817
54	138	1.0410
54	139	1.1145
54	140	1.2007
54	141	1.2976
54	142	1.4012
54	143	1.5054
54	144	1.6023
54	145	1.6839
54	146	1.7437
54	147	1.7775
54	148	1.7838
54	149	1.7635
54	150	1.7198
54	151	1.6569
54	152	1.5790
54	153	1.4892
54	154	1.3889
54	155	1.2774
54	156	1.1535
54	157	1.0166
54	158	0.8681
54	159	0.7123
54	160	0.5568
54	161	0.4111
54	162	0.2847
54	163	0.1840
54	164	0.1109
54	165	0.0624
54	166	0.0329
54	167	0.0164
54	180	0.0115
54	181	0.0153
54	182	0.0204
54	183	0.0268
54	184	0.0341
54	185	0.0415
54	186	0.0480
54	187	0.0527
54	188	0.0548
54	189	0.0538
54	190	0.0500
54	191	0.0440
54	192	0.0365
54	193	0.0287
54	194	0.0212
54	195	0.0149
55	74	0.0154
55	75	0.0321
55	76	0.0662
55	77	0.1315
55	78	0.2469
55	79	0.4334
55	80	0.7060
55	81	1.0666
55	82	1.5038
55	83	1.9994
55	84	2.5349
55	85	3.0938
55	86	3.6621
55	87	4.2274
55	88	4.7792
55	89	5.3084
55	90	5.8081
55	91	6.2722
55	92	6.6965
55	93	7.0773
55	94	7.4120
55	95	7.6985
55	96	7.9350
55	97	8.1204
55	98	8.2535
55	99	8.3335
55	100	8.3599
55	101	8.3322
55	102	8.2499
55	103	8.1127
55	104	7.9207
55	105	7.6736
55	106	7.3716
55	107	7.0149
55	108	6.6040
55	109	6.1395
55	110	5.6226
55	111	5.0553
55	112	4.4406
55	113	3.7840
55	114	3.0954
55	115	2.3935
55	116	1.7123
55	117	1.1061
55	118	0.6381
55	119	0.3415
55	120	0.1952
55	121	0.1517
55	122	0.1717
55	123	0.2319
55	124	0.3183
55	125	0.4200
55	126	0.5262
55	127	0.6272
55	128	0.7146
55	129	0.7828
55	130	0.8293
55	131	0.8552
55	132	0.8645
55	133	0.8646
55	134	0.8642
55	135	0.8714
55	136	0.8922
55	137	0.9288
55	138	0.9809
55	139	1.0471
55	140	1.1259
55	141	1.2158
55	142	1.3137
55	143	1.4144
55	144	1.5106
55	145	1.5946
55	146	1.6596
55	147	1.7013
55	148	1.7176
55	149	1.7092
55	150	1.6786
55	151	1.6294
55	152	1.5650
55	153	1.4875
55	154	1.3975
55	155	1.2940
55	156	1.1757
55	157	1.0419
55	158	0.8944
55	159	0.7377
55	160	0.5796
55	161	0.4301
55	162	0.2993
55	163	0.1943
55	164	0.1176
55	165	0.0664
55	166	0.0350
55	167	0.0174
55	182	0.0106
55	183	0.0140
55	184	0.0179
55	185	0.0219
55	186	0.0254
55	187	0.0278
55	188	0.0289
55	189	0.0283
55	190	0.0262
55	191	0.0229
55	192	0.0189
55	193	0.0148
55	194	0.0109
56	74	0.0115
56	75	0.0251
56	76	0.0534
56	77	0.1086
56	78	0.2086
56	79	0.3753
56	80	0.6272
56	81	0.9709
56	82	1.3978
56	83	1.8894
56	84	2.4249
56	85	2.9855
56	86	3.5557
56	87	4.1223
56	88	4.6748
56	89	5.2041
56	90	5.7034
56	91	6.1669
56	92	6.5904
56	93	6.9704
56	94	7.3042
56	95	7.5898
56	96	7.8255
56	97	8.0101
56	98	8.1424
56	99	8.2218
56	100	8.2475
56	101	8.2190
56	102	8.1360
56	103	7.9982
56	104	7.8054
56	105	7.5576
56	106	7.2549
56	107	6.8975
56	108	6.4858
56	109	6.0206
56	110	5.5029
56	111	4.9350
56	112	4.3200
56	113	3.6638
56	114	2.9774
56	115	2.2810
56	116	1.6114
56	117	1.0255
56	118	0.5846
56	119	0.3143
56	120	0.1878
56	121	0.1574
56	122	0.1865
56	123	0.2535
56	124	0.3445
56	125	0.4482
56	126	0.5538
56	127	0.6515
56	128	0.7334
56	129	0.7942
56	130	0.8320
56	131	0.8480
56	132	0.8469
56	133	0.8362
56	134	0.8250
56	135	0.8222
56	136	0.8338
56	137	0.8624
56	138	0.9073
56	139	0.9668
56	140	1.0398
56	141	1.1248
56	142	1.2195
56	143	1.3193
56	144	1.4172
56	145	1.5055
56	146	1.5770
56	147	1.6269
56	148	1.6526
56	149	1.6543
56	150	1.6338
56	151	1.5942
56	152	1.5382
56	153	1.4678
56	154	1.3834
56	155	1.2841
56	156	1.1688
56	157	1.0373
56	158	0.8915
56	159	0.7360
56	160	0.5789
56	161	0.4300
56	162	0.2996
56	163	0.1948
56	164	0.1180
56	165	0.0667
56	166	0.0353
56	167	0.0175
56	185	0.0109
56	186	0.0126
56	187	0.0138
56	188	0.0143
56	189	0.0140
56	190	0.0129
56	191	0.0113
57	75	0.0194
57	76	0.0421
57	77	0.0874
57	78	0.1718
57	79	0.3171
57	80	0.5448
57	81	0.8667
57	82	1.2784
57	83	1.7619
57	84	2.2944
57	85	2.8546
57	86	3.4252
57	87	3.9922
57	88	4.5446
57	89	5.0736
57	90	5.5722
57	91	6.0349
57	92	6.4575
57	93	6.8366
57	94	7.1696
57	95	7.4543
57	96	7.6893
57	97	7.8731
57	98	8.0048
57	99	8.0835
57	100	8.1085
57	101	8.0795
57	102	7.9959
57	103	7.8576
57	104	7.6643
57	105	7.4160
57	106	7.1128
57	107	6.7549
57	108	6.3427
57	109	5.8770
57	110	5.3590
57	111	4.7908
57	112	4.1760
57	113	3.5209
57	114	2.8377
57	115	2.1488
57	116	1.4942
57	117	0.9335
57	118	0.5247
57	119	0.2844
57	120	0.1796
57	121	0.1636
57	122	0.2027
57	123	0.2768
57	124	0.3726
57	125	0.4784
57	126	0.5834
57	127	0.6776
57	128	0.7536
57	129	0.8066
57	130	0.8349
57	131	0.8401
57	132	0.8272
57	133	0.8039
57	134	0.7800
57	135	0.7647
57	136	0.7650
57	137	0.7836
57	138	0.8203
57	139	0.8732
57	140	0.9412
57	141	1.0232
57	142	1.1170
57	143	1.2182
57	144	1.3199
57	145	1.4138
57	146	1.4925
57	147	1.5501
57	148	1.5838
57	149	1.5931
57	150	1.5793
57	151	1.5450
57	152	1.4931
57	153	1.4254
57	154	1.3427
57	155	1.2448
57	156	1.1310
57	157	1.0015
57	158	0.8585
57	159	0.7069
57	160	0.5544
57	161	0.4108
57	162	0.2856
57	163	0.1854
57	164	0.1123
57	165	0.0634
57	166	0.0335
57	167	0.0166
58	75	0.0146
58	76	0.0324
58	77	0.0685
58	78	0.1377
58	79	0.2609
58	80	0.4616
58	81	0.7568
58	82	1.1475
58	83	1.6179
58	84	2.1437
58	85	2.7010
58	86	3.2704
58	87	3.8367
58	88	4.3884
58	89	4.9166
58	90	5.4143
58	91	5.8762
58	92	6.2978
58	93	6.6761
58	94	7.0083
58	95	7.2923
58	96	7.5266
58	97	7.7098
58	98	7.8410
58	99	7.9192
58	100	7.9439
58	101	7.9145
58	102	7.8306
58	103	7.6919
58	104	7.4984
58	105	7.2499
58	106	6.9464
58	107	6.5883
58	108	6.1760
58	109	5.7101
58	110	5.1922
58	111	4.6243
58	112	4.0103
58	113	3.3574
58	114	2.6789
58	115	1.9999
58	116	1.3643
58	117	0.8338
58	118	0.4615
58	119	0.2535
58	120	0.1713
58	121	0.1699
58	122	0.2191
58	123	0.3006
58	124	0.4014
58	125	0.5098
58	126	0.6146
58	127	0.7060
58	128	0.7769
58	129	0.8226
58	130	0.8417
58	131	0.8360
58	132	0.8106
58	133	0.7735
58	134	0.7347
58	135	0.7044
58	136	0.6904
58	137	0.6964
58	138	0.7229
58	139	0.7684
58	140	0.8317
58	141	0.9116
58	142	1.0060
58	143	1.1101
58	144	1.2166
58	145	1.3165
58	146	1.4018
58	147	1.4660
58	148	1.5057
58	149	1.5198
58	150	1.5095
58	151	1.4772
58	152	1.4257
58	153	1.3575
58	154	1.2739
58	155	1.1756
58	156	1.0625
58	157	0.9355
58	158	0.7971
58	159	0.6522
58	160	0.5083
58	161	0.3744
58	162	0.2589
58	163	0.1674
58	164	0.1011
58	165	0.0570
58	166	0.0301
58	167	0.0149
59	75	0.0107
59	76	0.0242
59	77	0.0523
59	78	0.1074
59	79	0.2088
59	80	0.3808
59	81	0.6447
59	82	1.0081
59	83	1.4592
59	84	1.9735
59	85	2.5248
59	86	3.0911
59	87	3.6556
59	88	4.2060
59	89	4.7331
59	90	5.2299
59	91	5.6908
59	92	6.1117
59	93	6.4892
59	94	6.8208
59	95	7.1043
59	96	7.3381
59	97	7.5210
59	98	7.6519
59	99	7.7299
59	100	7.7544
59	101	7.7249
59	102	7.6410
59	103	7.5024
59	104	7.3089
59	105	7.0605
59	106	6.7572
59	107	6.3993
59	108	5.9873
59	109	5.5219
59	110	5.0045
59	111	4.4376
59	112	3.8254
59	113	3.1758
59	114	2.5039
59	115	1.8379
59	116	1.2259
59	117	0.7307
59	118	0.3982
59	119	0.2231
59	120	0.1628
59	121	0.1754
59	122	0.2340
59	123	0.3225
59	124	0.4283
59	125	0.5395
59	126	0.6449
59	127	0.7348
59	128	0.8019
59	129	0.8418
59	130	0.8533
59	131	0.8379
59	132	0.8007
59	133	0.7497
59	134	0.6950
59	135	0.6476
59	136	0.6166
59	137	0.6072
59	138	0.6211
59	139	0.6575
59	140	0.7152
59	141	0.7929
59	142	0.8881
59	143	0.9952
59	144	1.1061
59	145	1.2112
59	146	1.3016
59	147	1.3706
59	148	1.4141
59	149	1.4307
59	150	1.4212
59	151	1.3883
59	152	1.3348
59	153	1.2640
59	154	1.1782
59	155	1.0786
59	156	0.9665
59	157	0.8432
59	158	0.7116
59	159	0.5766
59	160	0.4450
59	161	0.3248
59	162	0.2228
59	163	0.1431
59	164	0.0860
59	165	0.0484
59	166	0.0255
59	167	0.0127
60	76	0.0176
60	77	0.0388
60	78	0.0814
60	79	0.1623
60	80	0.3050
60	81	0.5341
60	82	0.8637
60	83	1.2883
60	84	1.7853
60	85	2.3267
60	86	2.8874
60	87	3.4489
60	88	3.9975
60	89	4.5234
60	90	5.0192
60	91	5.4794
60	92	5.8997
60	93	6.2768
60	94	6.6081
60	95	6.8914
60	96	7.1251
60	97	7.3079
60	98	7.4388
60	99	7.5169
60	100	7.5416
60	101	7.5124
60	102	7.4288
60	103	7.2905
60	104	7.0975
60	105	6.8497
60	106	6.5470
60	107	6.1899
60	108	5.7787
60	109	5.3144
60	110	4.7984
60	111	4.2334
60	112	3.6242
60	113	2.9795
60	114	2.3167
60	115	1.6676
60	116	1.0842
60	117	0.6290
60	118	0.3378
60	119	0.1944
60	120	0.1541
60	121	0.1787
60	122	0.2454
60	123	0.3398
60	124	0.4500
60	125	0.5641
60	126	0.6708
60	127	0.7604
60	128	0.8255
60	129	0.8619
60	130	0.8680
60	131	0.8453
60	132	0.7984
60	133	0.7349
60	134	0.6650
60	135	0.6001
60	136	0.5506
60	137	0.5236
60	138	0.5225
60	139	0.5476
60	140	0.5981
60	141	0.6725
60	142	0.7671
60	143	0.8757
60	144	0.9893
60	145	1.0976
60	146	1.1911
60	147	1.2625
60	148	1.3076
60	149	1.3245
60	150	1.3141
60	151	1.2789
60	152	1.2222
60	153	1.1480
60	154	1.0593
60	155	0.9589
60	156	0.8487
60	157	0.7309
60	158	0.6087
60	159	0.4867
60	160	0.3708
60	161	0.2674
60	162	0.1816
60	163	0.1158
60	164	0.0692
60	165	0.0388
60	166	0.0204
60	167	0.0101
61	76	0.0125
61	77	0.0279
61	78	0.0599
61	79	0.1224
61	80	0.2367
61	81	0.4287
61	82	0.7186
61	83	1.1090
61	84	1.5817
61	85	2.1081
61	86	2.6606
61	87	3.2176
61	88	3.7638
61	89	4.2884
61	90	4.7835
61	91	5.2433
61	92	5.6634
61	93	6.0405
61	94	6.3718
61	95	6.6552
61	96	6.8892
61	97	7.0724
61	98	7.2037
61	99	7.2823
61	100	7.3076
61	101	7.2790
61	102	7.1962
61	103	7.0588
61	104	6.8667
61	105	6.6198
61	106	6.3184
61	107	5.9625
61	108	5.5529
61	109	5.0904
61	110	4.5767
61	111	4.0147
61	112	3.4098
61	113	2.7722
61	114	2.1216
61	115	1.4938
61	116	0.9445
61	117	0.5327
61	118	0.2826
61	119	0.1682
61	120	0.1448
61	121	0.1789
61	122	0.2515
61	123	0.3503
61	124	0.4638
61	125	0.5805
61	126	0.6890
61	127	0.7794
61	128	0.8445
61	129	0.8796
61	130	0.8830
61	131	0.8559
61	132	0.8023
61	133	0.7292
61	134	0.6465
61	135	0.5657
61	136	0.4981
61	137	0.4528
61	138	0.4353
61	139	0.4473
61	140	0.4887
61	141	0.5575
61	142	0.6492
61	143	0.7568
61	144	0.8702
61	145	0.9788
61	146	1.0726
61	147	1.1442
61	148	1.1887
61	149	1.2044
61	150	1.1918
61	151	1.1535
61	152	1.0932
61	153	1.0155
61	154	0.9246
61	155	0.8243
61	156	0.7176
61	157	0.6075
61	158	0.4973
61	159	0.3910
61	160	0.2932
61	161	0.2086
61	162	0.1400
61	163	0.0885
61	164	0.0526
61	165	0.0294
61	166	0.0154
62	77	0.0196
62	78	0.0427
62	79	0.0893
62	80	0.1776
62	81	0.3324
62	82	0.5783
62	83	0.9266
62	84	1.3669
62	85	1.8722
62	86	2.4126
62	87	2.9634
62	88	3.5066
62	89	4.0298
62	90	4.5245
62	91	4.9844
62	92	5.4049
62	93	5.7824
62	94	6.1143
62	95	6.3984
62	96	6.6331
62	97	6.8171
62	98	6.9493
62	99	7.0288
62	100	7.0551
62	101	7.0276
62	102	6.9460
62	103	6.8099
62	104	6.6192
62	105	6.3739
62	106	6.0741
62	107	5.7203
62	108	5.3128
62	109	4.8529
62	110	4.3424
62	111	3.7847
62	112	3.1858
62	113	2.5577
62	114	1.9230
62	115	1.3217
62	116	0.8114
62	117	0.4452
62	118	0.2341
62	119	0.1447
62	120	0.1346
62	121	0.1754
62	122	0.2515
62	123	0.3526
62	124	0.4682
62	125	0.5870
62	126	0.6974
62	127	0.7896
62	128	0.8561
62	129	0.8921
62	130	0.8955
62	131	0.8670
62	132	0.8101
62	133	0.7310
62	134	0.6389
62	135	0.5453
62	136	0.4621
62	137	0.4000
62	138	0.3663
62	139	0.3647
62	140	0.3956
62	141	0.4567
62	142	0.5429
62	143	0.6463
62	144	0.7565
62	145	0.8623
62	146	0.9537
62	147	1.0229
62	148	1.0652
62	149	1.0782
62	150	1.0626
62	151	1.0209
62	152	0.9572
62	153	0.8767
62	154	0.7845
62	155	0.6857
62	156	0.5843
62	157	0.4839
62	158	0.3875
62	159	0.2985
62	160	0.2198
62	161	0.1538
62	162	0.1020
62	163	0.0638
62	164	0.0377
62	165	0.0210
62	166	0.0110
63	77	0.0133
63	78	0.0295
63	79	0.0630
63	80	0.1286
63	81	0.2482
63	82	0.4483
63	83	0.7481
63	84	1.1472
63	85	1.6239
63	86	2.1474
63	87	2.6894
63	88	3.2286
63	89	3.7506
63	90	4.2453
63	91	4.7058
63	92	5.1272
63	93	5.5058
63	94	5.8388
63	95	6.1242
63	96	6.3601
63	97	6.5453
63	98	6.6788
63	99	6.7598
63	100	6.7875
63	101	6.7616
63	102	6.6815
63	103	6.5472
63	104	6.3583
63	105	6.1151
63	106	5.8176
63	107	5.4662
63	108	5.0616
63	109	4.6051
63	110	4.0988
63	111	3.5465
63	112	2.9556
63	113	2.3398
63	114	1.7250
63	115	1.1553
63	116	0.6884
63	117	0.3681
63	118	0.1925
63	119	0.1238
63	120	0.1235
63	121	0.1680
63	122	0.2453
63	123	0.3468
63	124	0.4631
63	125	0.5830
63	126	0.6954
63	127	0.7900
63	128	0.8592
63	129	0.8978
63	130	0.9033
63	131	0.8760
63	132	0.8187
63	133	0.7371
63	134	0.6396
63	135	0.5372
63	136	0.4423
63	137	0.3667
63	138	0.3194
63	139	0.3055
63	140	0.3262
63	141	0.3789
63	142	0.4579
63	143	0.5549
63	144	0.6590
63	145	0.7594
63	146	0.8459
63	147	0.9109
63	148	0.9492
63	149	0.9587
63	150	0.9395
63	151	0.8943
63	152	0.8275
63	153	0.7447
63	154	0.6523
63	155	0.5561
63	156	0.4611
63	157	0.3713
63	158	0.2893
63	159	0.2173
63	160	0.1565
63	161	0.1076
63	162	0.0703
63	163	0.0436
63	164	0.0255
63	165	0.0141
64	78	0.0197
64	79	0.0430
64	80	0.0897
64	81	0.1783
64	82	0.3340
64	83	0.5814
64	84	0.9310
64	85	1.3704
64	86	1.8707
64	87	2.4004
64	88	2.9342
64	89	3.4544
64	90	3.9494
64	91	4.4111
64	92	4.8341
64	93	5.2144
64	94	5.5492
64	95	5.8363
64	96	6.0740
64	97	6.2610
64	98	6.3962
64	99	6.4790
64	100	6.5085
64	101	6.4844
64	102	6.4064
64	103	6.2741
64	104	6.0875
64	105	5.8466
64	106	5.5518
64	107	5.2033
64	108	4.8021
64	109	4.3496
64	110	3.8484
64	111	3.3029
64	112	2.7218
64	113	2.1212
64	114	1.5308
64	115	0.9977
64	116	0.5773
64	117	0.3016
64	118	0.1574
64	119	0.1054
64	120	0.1117
64	121	0.1575
64	122	0.2338
64	123	0.3339
64	124	0.4493
64	125	0.5696
64	126	0.6834
64	127	0.7806
64	128	0.8531
64	129	0.8954
64	130	0.9046
64	131	0.8804
64	132	0.8251
64	133	0.7438
64	134	0.6443
64	135	0.5375
64	136	0.4356
64	137	0.3512
64	138	0.2946
64	139	0.2722
64	140	0.2852
64	141	0.3309
64	142	0.4032
64	143	0.4930
64	144	0.5900
64	145	0.6833
64	146	0.7634
64	147	0.8226
64	148	0.8559
64	149	0.8609
64	150	0.8376
64	151	0.7887
64	152	0.7187
64	153	0.6339
64	154	0.5413
64	155	0.4477
64	156	0.3589
64	157	0.2789
64	158	0.2099
64	159	0.1526
64	160	0.1069
64	161	0.0718
64	162	0.0461
64	163	0.0282
64	164	0.0164
65	78	0.0128
65	79	0.0283
65	80	0.0603
65	81	0.1232
65	82	0.2389
65	83	0.4339
65	84	0.7282
65	85	1.1213
65	86	1.5903
65	87	2.1025
65	88	2.6284
65	89	3.1462
65	90	3.6414
65	91	4.1047
65	92	4.5298
65	93	4.9124
65	94	5.2495
65	95	5.5388
65	96	5.7787
65	97	5.9678
65	98	6.1051
65	99	6.1899
65	100	6.2215
65	101	6.1996
65	102	6.1237
65	103	5.9937
65	104	5.8095
65	105	5.5712
65	106	5.2791
65	107	4.9338
65	108	4.5364
65	109	4.0884
65	110	3.5929
65	111	3.0554
65	112	2.4860
65	113	1.9039
65	114	1.3423
65	115	0.8505
65	116	0.4783
65	117	0.2449
65	118	0.1279
65	119	0.0890
65	120	0.0994
65	121	0.1447
65	122	0.2183
65	123	0.3152
65	124	0.4284
65	125	0.5478
65	126	0.6624
65	127	0.7618
65	128	0.8376
65	129	0.8839
65	130	0.8974
65	131	0.8774
65	132	0.8257
65	133	0.7468
65	134	0.6485
65	135	0.5410
65	136	0.4369
65	137	0.3493
65	138	0.2894
65	139	0.2638
65	140	0.2738
65	141	0.3162
65	142	0.3839
65	143	0.4679
65	144	0.5580
65	145	0.6440
65	146	0.7170
65	147	0.7697
65	148	0.7972
65	149	0.7969
65	150	0.7689
65	151	0.7157
65	152	0.6421
65	153	0.5546
65	154	0.4609
65	155	0.3687
65	156	0.2842
65	157	0.2115
65	158	0.1523
65	159	0.1062
65	160	0.0716
65	161	0.0466
65	162	0.0292
65	163	0.0175
65	164	0.0101
66	79	0.0180
66	80	0.0391
66	81	0.0820
66	82	0.1643
66	83	0.3111
66	84	0.5481
66	85	0.8871
66	86	1.3158
66	87	1.8038
66	88	2.3176
66	89	2.8310
66	90	3.3258
66	91	3.7906
66	92	4.2181
66	93	4.6033
66	94	4.9430
66	95	5.2349
66	96	5.4772
66	97	5.6686
66	98	5.8082
66	99	5.8952
66	100	5.9290
66	101	5.9092
66	102	5.8355
66	103	5.7077
66	104	5.5259
66	105	5.2901
66	106	5.0009
66	107	4.6588
66	108	4.2651
66	109	3.8218
66	110	3.3327
66	111	2.8042
66	112	2.2488
66	113	1.6885
66	114	1.1605
66	115	0.7140
66	116	0.3907
66	117	0.1966
66	118	0.1031
66	119	0.0745
66	120	0.0872
66	121	0.1303
66	122	0.1998
66	123	0.2922
66	124	0.4015
66	125	0.5186
66	126	0.6327
66	127	0.7334
66	128	0.8118
66	129	0.8618
66	130	0.8796
66	131	0.8640
66	132	0.8167
66	133	0.7419
66	134	0.6470
66	135	0.5425
66	136	0.4410
66	137	0.3561
66	138	0.2992
66	139	0.2769
66	140	0.2898
66	141	0.3333
66	142	0.3998
66	143	0.4800
66	144	0.5643
66	145	0.6435
66	146	0.7092
66	147	0.7550
66	148	0.7760
66	149	0.7699
66	150	0.7366
66	151	0.6785
66	152	0.6003
66	153	0.5091
66	154	0.4128
66	155	0.3198
66	156	0.2369
66	157	0.1683
66	158	0.1151
66	159	0.0761
66	160	0.0488
66	161	0.0304
66	162	0.0183
66	163	0.0107
67	79	0.0110
67	80	0.0245
67	81	0.0528
67	82	0.1091
67	83	0.2150
67	84	0.3975
67	85	0.6781
67	86	1.0576
67	87	1.5125
67	88	2.0084
67	89	2.5138
67	90	3.0065
67	91	3.4721
67	92	3.9016
67	93	4.2894
67	94	4.6317
67	95	4.9262
67	96	5.1710
67	97	5.3648
67	98	5.5067
67	99	5.5958
67	100	5.6317
67	101	5.6139
67	102	5.5422
67	103	5.4165
67	104	5.2368
67	105	5.0033
67	106	4.7166
67	107	4.3775
67	108	3.9875
67	109	3.5491
67	110	3.0668
67	111	2.5487
67	112	2.0095
67	113	1.4751
67	114	0.9857
67	115	0.5882
67	116	0.3135
67	117	0.1554
67	118	0.0820
67	119	0.0616
67	120	0.0752
67	121	0.1152
67	122	0.1793
67	123	0.2656
67	124	0.3694
67	125	0.4823
67	126	0.5941
67	127	0.6945
67	128	0.7743
67	129	0.8269
67	130	0.8482
67	131	0.8370
67	132	0.7944
67	133	0.7249
67	134	0.6356
67	135	0.5374
67	136	0.4432
67	137	0.3669
67	138	0.3196
67	139	0.3068
67	140	0.3279
67	141	0.3766
67	142	0.4446
67	143	0.5227
67	144	0.6019
67	145	0.6742
67	146	0.7325
67	147	0.7707
67	148	0.7848
67	149	0.7722
67	150	0.7330
67	151	0.6694
67	152	0.5862
67	153	0.4904
67	154	0.3904
67	155	0.2951
67	156	0.2115
67	157	0.1442
67	158	0.0938
67	159	0.0586
67	160	0.0354
67	161	0.0207
67	162	0.0118
68	80	0.0150
68	81	0.0330
68	82	0.0704
68	83	0.1441
68	84	0.2790
68	85	0.5014
68	86	0.8249
68	87	1.2372
68	88	1.7068
68	89	2.1989
68	90	2.6863
68	91	3.1508
68	92	3.5813
68	93	3.9710
68	94	4.3157
68	95	4.6125
68	96	4.8596
68	97	5.0556
68	98	5.1994
68	99	5.2905
68	100	5.3282
68	101	5.3121
68	102	5.2421
68	103	5.1181
68	104	4.9402
68	105	4.7087
68	106	4.4242
68	107	4.0879
68	108	3.7014
68	109	3.2680
68	110	2.7933
68	111	2.2872
68	112	1.7675
68	113	1.2640
68	114	0.8187
68	115	0.4734
68	116	0.2460
68	117	0.1204
68	118	0.0641
68	119	0.0500
68	120	0.0636
68	121	0.0997
68	122	0.1575
68	123	0.2363
68	124	0.3325
68	125	0.4390
68	126	0.5463
68	127	0.6441
68	128	0.7233
68	129	0.7770
68	130	0.8010
68	131	0.7936
68	132	0.7560
68	133	0.6927
68	134	0.6112
68	135	0.5226
68	136	0.4404
68	137	0.3782
68	138	0.3462
68	139	0.3482
68	140	0.3813
68	141	0.4377
68	142	0.5085
68	143	0.5846
68	144	0.6585
68	145	0.7232
68	146	0.7730
68	147	0.8028
68	148	0.8090
68	149	0.7894
68	150	0.7439
68	151	0.6747
68	152	0.5865
68	153	0.4862
68	154	0.3825
68	155	0.2845
68	156	0.1995
68	157	0.1319
68	158	0.0826
68	159	0.0492
68	160	0.0281
68	161	0.0154
69	81	0.0202
69	82	0.0445
69	83	0.0944
69	84	0.1905
69	85	0.3597
69	86	0.6241
69	87	0.9848
69	88	1.4183
69	89	1.8894
69	90	2.3662
69	91	2.8265
69	92	3.2561
69	93	3.6465
69	94	3.9927
69	95	4.2913
69	96	4.5402
69	97	4.7380
69	98	4.8835
69	99	4.9761
69	100	5.0153
69	101	5.0006
69	102	4.9319
69	103	4.8093
69	104	4.6328
69	105	4.4028
69	106	4.1203
69	107	3.7864
69	108	3.4036
69	109	2.9757
69	110	2.5098
69	111	2.0184
69	112	1.5229
69	113	1.0566
69	114	0.6613
69	115	0.3702
69	116	0.1878
69	117	0.0909
69	118	0.0490
69	119	0.0398
69	120	0.0526
69	121	0.0841
69	122	0.1347
69	123	0.2045
69	124	0.2913
69	125	0.3890
69	126	0.4891
69	127	0.5818
69	128	0.6582
69	129	0.7112
69	130	0.7365
69	131	0.7323
69	132	0.7000
69	133	0.6440
69	134	0.5725
69	135	0.4970
69	136	0.4311
69	137	0.3877
69	138	0.3754
69	139	0.3953
69	140	0.4423
69	141	0.5070
69	142	0.5802
69	143	0.6537
69	144	0.7209
69	145	0.7766
69	146	0.8164
69	147	0.8364
69	148	0.8336
69	149	0.8063
69	150	0.7543
69	151	0.6799
69	152	0.5874
69	153	0.4838
69	154	0.3776
69	155	0.2780
69	156	0.1923
69	157	0.1249
69	158	0.0763
69	159	0.0440
69	160	0.0241
69	161	0.0126
70	81	0.0122
70	82	0.0277
70	83	0.0607
70	84	0.1273
70	85	0.2511
70	86	0.4579
70	87	0.7606
70	88	1.1474
70	89	1.5875
70	90	2.0466
70	91	2.4979
70	92	2.9235
70	93	3.3127
70	94	3.6591
70	95	3.9585
70	96	4.2086
70	97	4.4075
70	98	4.5543
70	99	4.6481
70	100	4.6883
70	101	4.6747
70	102	4.6070
70	103	4.4853
70	104	4.3099
70	105	4.0813
70	106	3.8005
70	107	3.4693
70	108	3.0906
70	109	2.6695
70	110	2.2149
70	111	1.7424
70	112	1.2775
70	113	0.8561
70	114	0.5163
70	115	0.2798
70	116	0.1388
70	117	0.0666
70	118	0.0364
70	119	0.0308
70	120	0.0422
70	121	0.0688
70	122	0.1116
70	123	0.1714
70	124	0.2469
70	125	0.3334
70	126	0.4236
70	127	0.5085
70	128	0.5796
70	129	0.6301
70	130	0.6554
70	131	0.6539
70	132	0.6271
70	133	0.5798
70	134	0.5206
70	135	0.4612
70	136	0.4152
70	137	0.3939
70	138	0.4036
70	139	0.4425
70	140	0.5030
70	141	0.5752
70	142	0.6495
70	143	0.7187
70	144	0.7779
70	145	0.8231
70	146	0.8514
70	147	0.8601
70	148	0.8473
70	149	0.8115
70	150	0.7530
70	151	0.6739
70	152	0.5784
70	153	0.4734
70	154	0.3671
70	155	0.2682
70	156	0.1839
70	157	0.1181
70	158	0.0711
70	159	0.0402
70	160	0.0215
70	161	0.0109
71	82	0.0170
71	83	0.0385
71	84	0.0834
71	85	0.1708
71	86	0.3255
71	87	0.5676
71	88	0.8985
71	89	1.2963
71	90	1.7282
71	91	2.1636
71	92	2.5808
71	93	2.9659
71	94	3.3105
71	95	3.6095
71	96	3.8597
71	97	4.0593
71	98	4.2067
71	99	4.3012
71	100	4.3422
71	101	4.3292
71	102	4.2623
71	103	4.1415
71	104	3.9671
71	105	3.7398
71	106	3.4611
71	107	3.1331
71	108	2.7598
71	109	2.3478
71	110	1.9086
71	111	1.4615
71	112	1.0357
71	113	0.6675
71	114	0.3874
71	115	0.2035
71	116	0.0989
71	117	0.0471
71	118	0.0262
71	119	0.0232
71	120	0.0328
71	121	0.0543
71	122	0.0889
71	123	0.1381
71	124	0.2010
71	125	0.2745
71	126	0.3524
71	127	0.4271
71	128	0.4906
71	129	0.5367
71	130	0.5608
71	131	0.5616
71	132	0.5406
71	133	0.5032
71	134	0.4582
71	135	0.4174
71	136	0.3934
71	137	0.3956
71	138	0.4272
71	139	0.4839
71	140	0.5563
71	141	0.6338
71	142	0.7076
71	143	0.7713
71	144	0.8211
71	145	0.8546
71	146	0.8702
71	147	0.8667
71	148	0.8428
71	149	0.7983
71	150	0.7334
71	151	0.6505
71	152	0.5539
71	153	0.4498
71	154	0.3461
71	155	0.2510
71	156	0.1708
71	157	0.1088
71	158	0.0649
71	159	0.0363
71	160	0.0191
72	82	0.0104
72	83	0.0241
72	84	0.0537
72	85	0.1132
72	86	0.2237
72	87	0.4075
72	88	0.6762
72	89	1.0205
72	90	1.4136
72	91	1.8242
72	92	2.2265
72	93	2.6033
72	94	2.9433
72	95	3.2400
72	96	3.4892
72	97	3.6884
72	98	3.8359
72	99	3.9307
72	100	3.9721
72	101	3.9596
72	102	3.8933
72	103	3.7733
72	104	3.6001
72	105	3.3747
72	106	3.0989
72	107	2.7756
72	108	2.4102
72	109	2.0114
72	110	1.5941
72	111	1.1814
72	112	0.8050
72	113	0.4975
72	114	0.2780
72	115	0.1419
72	116	0.0677
72	117	0.0321
72	118	0.0181
72	119	0.0168
72	120	0.0244
72	121	0.0410
72	122	0.0679
72	123	0.1063
72	124	0.1564
72	125	0.2157
72	126	0.2798
72	127	0.3423
72	128	0.3964
72	129	0.4364
72	130	0.4584
72	131	0.4610
72	132	0.4462
72	133	0.4196
72	134	0.3900
72	135	0.3687
72	136	0.3669
72	137	0.3914
72	138	0.4427
72	139	0.5142
72	140	0.5955
72	141	0.6761
72	142	0.7478
72	143	0.8050
72	144	0.8449
72	145	0.8663
72	146	0.8688
72	147	0.8525
72	148	0.8174
72	149	0.7640
72	150	0.6934
72	151	0.6080
72	152	0.5121
72	153	0.4116
72	154	0.3137
72	155	0.2255
72	156	0.1522
72	157	0.0962
72	158	0.0570
72	159	0.0317
72	160	0.0166
73	83	0.0149
73	84	0.0338
73	85	0.0729
73	86	0.1483
73	87	0.2801
73	88	0.4856
73	89	0.7675
73	90	1.1093
73	91	1.4834
73	92	1.8622
73	93	2.2245
73	94	2.5559
73	95	2.8475
73	96	3.0939
73	97	3.2915
73	98	3.4383
73	99	3.5328
73	100	3.5743
73	101	3.5623
73	102	3.4967
73	103	3.3778
73	104	3.2064
73	105	2.9838
73	106	2.7126
73	107	2.3968
73	108	2.0436
73	109	1.6647
73	110	1.2786
73	111	0.9118
73	112	0.5949
73	113	0.3524
73	114	0.1901
73	115	0.0946
73	116	0.0445
73	117	0.0210
73	118	0.0121
73	119	0.0116
73	120	0.0174
73	121	0.0296
73	122	0.0493
73	123	0.0779
73	124	0.1155
73	125	0.1609
73	126	0.2107
73	127	0.2601
73	128	0.3037
73	129	0.3366
73	130	0.3555
73	131	0.3596
73	132	0.3510
73	133	0.3353
73	134	0.3210
73	135	0.3183
73	136	0.3365
73	137	0.3800
73	138	0.4467
73	139	0.5288
73	140	0.6157
73	141	0.6971
73	142	0.7654
73	143	0.8157
73	144	0.8458
73	145	0.8554
73	146	0.8453
73	147	0.8167
73	148	0.7709
73	149	0.7094
73	150	0.6342
73	151	0.5481
73	152	0.4553
73	153	0.3611
73	154	0.2719
73	155	0.1932
73	156	0.1292
73	157	0.0811
73	158	0.0477
73	159	0.0264
73	160	0.0137
74	84	0.0207
74	85	0.0455
74	86	0.0944
74	87	0.1837
74	88	0.3307
74	89	0.5463
74	90	0.8261
74	91	1.1507
74	92	1.4944
74	93	1.8333
74	94	2.1499
74	95	2.4324
74	96	2.6730
74	97	2.8673
74	98	3.0121
74	99	3.1057
74	100	3.1469
74	101	3.1353
74	102	3.0708
74	103	2.9538
74	104	2.7854
74	105	2.5677
74	106	2.3042
74	107	2.0006
74	108	1.6665
74	109	1.3172
74	110	0.9744
74	111	0.6653
74	112	0.4151
74	113	0.2362
74	114	0.1235
74	115	0.0602
74	116	0.0279
74	117	0.0132
74	120	0.0118
74	121	0.0203
74	122	0.0340
74	123	0.0540
74	124	0.0807
74	125	0.1134
74	126	0.1498
74	127	0.1864
74	128	0.2194
74	129	0.2448
74	130	0.2603
74	131	0.2653
74	132	0.2624
74	133	0.2566
74	134	0.2558
74	135	0.2689
74	136	0.3028
74	137	0.3600
74	138	0.4368
74	139	0.5249
74	140	0.6138
74	141	0.6937
74	142	0.7575
74	143	0.8008
74	144	0.8219
74	145	0.8210
74	146	0.7997
74	147	0.7604
74	148	0.7054
74	149	0.6376
74	150	0.5597
74	151	0.4751
74	152	0.3878
74	153	0.3026
74	154	0.2244
74	155	0.1574
74	156	0.1041
74	157	0.0647
74	158	0.0379
74	159	0.0208
74	160	0.0108
75	84	0.0123
75	85	0.0273
75	86	0.0576
75	87	0.1146
75	88	0.2127
75	89	0.3653
75	90	0.5775
75	91	0.8408
75	92	1.1359
75	93	1.4399
75	94	1.7327
75	95	1.9995
75	96	2.2301
75	97	2.4180
75	98	2.5590
75	99	2.6505
75	100	2.6910
75	101	2.6799
75	102	2.6171
75	103	2.5034
75	104	2.3403
75	105	2.1309
75	106	1.8801
75	107	1.5961
75	108	1.2914
75	109	0.9842
75	110	0.6976
75	111	0.4552
75	112	0.2721
75	113	0.1496
75	114	0.0763
75	115	0.0366
75	116	0.0168
75	121	0.0132
75	122	0.0222
75	123	0.0354
75	124	0.0532
75	125	0.0753
75	126	0.1001
75	127	0.1256
75	128	0.1488
75	129	0.1672
75	130	0.1792
75	131	0.1848
75	132	0.1862
75	133	0.1884
75	134	0.1980
75	135	0.2222
75	136	0.2662
75	137	0.3309
75	138	0.4121
75	139	0.5013
75	140	0.5887
75	141	0.6650
75	142	0.7236
75	143	0.7602
75	144	0.7734
75	145	0.7639
75	146	0.7337
75	147	0.6861
75	148	0.6247
75	149	0.5532
75	150	0.4754
75	151	0.3949
75	152	0.3157
75	153	0.2415
75	154	0.1760
75	155	0.1216
75	156	0.0794
75	157	0.0489
75	158	0.0284
75	159	0.0156
76	85	0.0158
76	86	0.0336
76	87	0.0679
76	88	0.1289
76	89	0.2286
76	90	0.3760
76	91	0.5719
76	92	0.8064
76	93	1.0620
76	94	1.3192
76	95	1.5610
76	96	1.7747
76	97	1.9515
76	98	2.0855
76	99	2.1732
76	100	2.2122
76	101	2.2018
76	102	2.1420
76	103	2.0338
76	104	1.8798
76	105	1.6842
76	106	1.4541
76	107	1.2001
76	108	0.9375
76	109	0.6856
76	110	0.4648
76	111	0.2905
76	112	0.1674
76	113	0.0895
76	114	0.0448
76	115	0.0212
76	122	0.0137
76	123	0.0219
76	124	0.0331
76	125	0.0470
76	126	0.0629
76	127	0.0793
76	128	0.0946
76	129	0.1071
76	130	0.1159
76	131	0.1214
76	132	0.1258
76	133	0.1332
76	134	0.1491
76	135	0.1792
76	136	0.2272
76	137	0.2934
76	138	0.3733
76	139	0.4591
76	140	0.5416
76	141	0.6124
76	142	0.6650
76	143	0.6954
76	144	0.7022
76	145	0.6863
76	146	0.6502
76	147	0.5978
76	148	0.5335
76	149	0.4619
76	150	0.3875
76	151	0.3140
76	152	0.2450
76	153	0.1833
76	154	0.1310
76	155	0.0890
76	156	0.0573
76	157	0.0350
76	158	0.0202
76	159	0.0110
77	86	0.0187
77	87	0.0382
77	88	0.0737
77	89	0.1337
77	90	0.2271
77	91	0.3590
77	92	0.5279
77	93	0.7243
77	94	0.9331
77	95	1.1382
77	96	1.3256
77	97	1.4842
77	98	1.6064
77	99	1.6873
77	100	1.7236
77	101	1.7142
77	102	1.6593
77	103	1.5604
77	104	1.4211
77	105	1.2475
77	106	1.0486
77	107	0.8371
77	108	0.6289
77	109	0.4408
77	110	0.2867
77	111	0.1728
77	112	0.0968
77	113	0.0507
77	114	0.0250
77	115	0.0117
77	123	0.0128
77	124	0.0193
77	125	0.0276
77	126	0.0370
77	127	0.0470
77	128	0.0564
77	129	0.0643
77	130	0.0705
77	131	0.0755
77	132	0.0813
77	133	0.0911
77	134	0.1094
77	135	0.1405
77	136	0.1872
77	137	0.2494
77	138	0.3231
77	139	0.4014
77	140	0.4762
77	141	0.5397
77	142	0.5856
77	143	0.6103
77	144	0.6123
77	145	0.5927
77	146	0.5541
77	147	0.5007
77	148	0.4376
77	149	0.3699
77	150	0.3022
77	151	0.2384
77	152	0.1811
77	153	0.1322
77	154	0.0924
77	155	0.0617
77	156	0.0392
77	157	0.0236
77	158	0.0135
78	87	0.0204
78	88	0.0398
78	89	0.0734
78	90	0.1274
78	91	0.2076
78	92	0.3164
78	93	0.4511
78	94	0.6034
78	95	0.7612
78	96	0.9117
78	97	1.0434
78	98	1.1474
78	99	1.2173
78	100	1.2492
78	101	1.2413
78	102	1.1939
78	103	1.1093
78	104	0.9923
78	105	0.8502
78	106	0.6933
78	107	0.5341
78	108	0.3861
78	109	0.2605
78	110	0.1638
78	111	0.0961
78	112	0.0527
78	113	0.0272
78	114	0.0133
78	124	0.0106
78	125	0.0152
78	126	0.0205
78	127	0.0261
78	128	0.0315
78	129	0.0363
78	130	0.0405
78	131	0.0447
78	132	0.0505
78	133	0.0606
78	134	0.0781
78	135	0.1065
78	136	0.1479
78	137	0.2021
78	138	0.2659
78	139	0.3337
78	140	0.3984
78	141	0.4529
78	142	0.4917
78	143	0.5112
78	144	0.5100
78	145	0.4891
78	146	0.4513
78	147	0.4010
78	148	0.3432
78	149	0.2830
78	150	0.2251
78	151	0.1726
78	152	0.1275
78	153	0.0907
78	154	0.0620
78	155	0.0406
78	156	0.0254
78	157	0.0151
79	87	0.0103
79	88	0.0203
79	89	0.0378
79	90	0.0667
79	91	0.1110
79	92	0.1738
79	93	0.2556
79	94	0.3533
79	95	0.4603
79	96	0.5674
79	97	0.6650
79	98	0.7445
79	99	0.7991
79	100	0.8245
79	101	0.8185
79	102	0.7815
79	103	0.7164
79	104	0.6282
79	105	0.5247
79	106	0.4152
79	107	0.3096
79	108	0.2166
79	109	0.1420
79	110	0.0871
79	111	0.0502
79	112	0.0272
79	113	0.0139
79	126	0.0107
79	127	0.0137
79	128	0.0166
79	129	0.0194
79	130	0.0221
79	131	0.0254
79	132	0.0304
79	133	0.0392
79	134	0.0541
79	135	0.0776
79	136	0.1114
79	137	0.1554
79	138	0.2072
79	139	0.2625
79	140	0.3154
79	141	0.3601
79	142	0.3914
79	143	0.4063
79	144	0.4033
79	145	0.3835
79	146	0.3495
79	147	0.3054
79	148	0.2561
79	149	0.2062
79	150	0.1597
79	151	0.1190
79	152	0.0855
79	153	0.0592
79	154	0.0395
79	155	0.0253
79	156	0.0156
80	89	0.0184
80	90	0.0328
80	91	0.0553
80	92	0.0881
80	93	0.1324
80	94	0.1876
80	95	0.2508
80	96	0.3169
80	97	0.3796
80	98	0.4324
80	99	0.4695
80	100	0.4871
80	101	0.4832
80	102	0.4581
80	103	0.4144
80	104	0.3568
80	105	0.2914
80	106	0.2249
80	107	0.1635
80	108	0.1118
80	109	0.0718
80	110	0.0434
80	111	0.0247
80	112	0.0133
80	130	0.0115
80	131	0.0139
80	132	0.0179
80	133	0.0247
80	134	0.0362
80	135	0.0541
80	136	0.0796
80	137	0.1128
80	138	0.1522
80	139	0.1945
80	140	0.2352
80	141	0.2697
80	142	0.2937
80	143	0.3045
80	144	0.3009
80	145	0.2839
80	146	0.2557
80	147	0.2201
80	148	0.1811
80	149	0.1426
80	150	0.1077
80	151	0.0782
80	152	0.0547
80	153	0.0369
80	154	0.0240
80	155	0.0151
81	90	0.0152
81	91	0.0258
81	92	0.0416
81	93	0.0633
81	94	0.0912
81	95	0.1241
81	96	0.1596
81	97	0.1944
81	98	0.2245
81	99	0.2461
81	100	0.2565
81	101	0.2544
81	102	0.2398
81	103	0.2148
81	104	0.1823
81	105	0.1465
81	106	0.1111
81	107	0.0795
81	108	0.0536
81	109	0.0340
81	110	0.0204
81	111	0.0115
81	132	0.0102
81	133	0.0151
81	134	0.0233
81	135	0.0359
81	136	0.0538
81	137	0.0772
81	138	0.1051
81	139	0.1353
81	140	0.1646
81	141	0.1895
81	142	0.2068
81	143	0.2142
81	144	0.2108
81	145	0.1975
81	146	0.1761
81	147	0.1495
81	148	0.1210
81	149	0.0934
81	150	0.0690
81	151	0.0489
81	152	0.0334
81	153	0.0220
81	154	0.0140
82	91	0.0114
82	92	0.0184
82	93	0.0283
82	94	0.0411
82	95	0.0565
82	96	0.0735
82	97	0.0905
82	98	0.1055
82	99	0.1164
82	100	0.1218
82	101	0.1207
82	102	0.1134
82	103	0.1009
82	104	0.0850
82	105	0.0676
82	106	0.0508
82	107	0.0360
82	108	0.0241
82	109	0.0152
82	134	0.0143
82	135	0.0225
82	136	0.0343
82	137	0.0497
82	138	0.0681
82	139	0.0882
82	140	0.1078
82	141	0.1245
82	142	0.1361
82	143	0.1409
82	144	0.1382
82	145	0.1287
82	146	0.1138
82	147	0.0955
82	148	0.0762
82	149	0.0579
82	150	0.0420
82	151	0.0292
82	152	0.0194
82	153	0.0125
83	93	0.0119
83	94	0.0174
83	95	0.0240
83	96	0.0314
83	97	0.0389
83	98	0.0456
83	99	0.0506
83	100	0.0530
83	101	0.0526
83	102	0.0493
83	103	0.0437
83	104	0.0367
83	105	0.0290
83	106	0.0217
83	107	0.0153
83	108	0.0102
83	135	0.0134
83	136	0.0206
83	137	0.0300
83	138	0.0414
83	139	0.0538
83	140	0.0661
83	141	0.0765
83	142	0.0837
83	143	0.0866
83	144	0.0847
83	145	0.0785
83	146	0.0689
83	147	0.0573
83	148	0.0453
83	149	0.0339
83	150	0.0242
83	151	0.0165
83	152	0.0108
84	96	0.0126
84	97	0.0157
84	98	0.0184
84	99	0.0205
84	100	0.0215
84	101	0.0213
84	102	0.0200
84	103	0.0177
84	104	0.0148
84	105	0.0117
84	136	0.0117
84	137	0.0171
84	138	0.0236
84	139	0.0308
84	140	0.0379
84	141	0.0439
84	142	0.0481
84	143	0.0497
84	144	0.0486
84	145	0.0448
84	146	0.0392
84	147	0.0324
84	148	0.0253
84	149	0.0188
84	150	0.0133
85	138	0.0127
85	139	0.0165
85	140	0.0204
85	141	0.0236
85	142	0.0259
85	143	0.0267
85	144	0.0261
85	145	0.0240
85	146	0.0209
85	147	0.0172
85	148	0.0134
86	140	0.0103
86	141	0.0119
86	142	0.0131
86	143	0.0135
86	144	0.0131
86	145	0.0121
86	146	0.0105
116	165	0.0101
116	166	0.0127
116	167	0.0153
116	168	0.0176
116	169	0.0195
116	170	0.0207
116	171	0.0211
116	172	0.0206
116	173	0.0193
116	174	0.0174
116	175	0.0151
116	176	0.0126
116	177	0.0102
117	163	0.0119
117	164	0.0163
117	165	0.0214
117	166	0.0268
117	167	0.0322
117	168	0.0371
117	169	0.0410
117	170	0.0436
117	171	0.0446
117	172	0.0438
117	173	0.0413
117	174	0.0374
117	175	0.0326
117	176	0.0274
117	177	0.0224
117	178	0.0180
117	179	0.0146
117	180	0.0124
117	181	0.0114
117	182	0.0115
117	183	0.0123
117	184	0.0135
117	185	0.0147
117	186	0.0156
117	187	0.0159
117	188	0.0154
117	189	0.0143
117	190	0.0126
117	191	0.0106
118	161	0.0111
118	162	0.0166
118	163	0.0237
118	164	0.0324
118	165	0.0423
118	166	0.0529
118	167	0.0634
118	168	0.0730
118	169	0.0808
118	170	0.0860
118	171	0.0881
118	172	0.0869
118	173	0.0824
118	174	0.0751
118	175	0.0659
118	176	0.0559
118	177	0.0460
118	178	0.0373
118	179	0.0306
118	180	0.0261
118	181	0.0240
118	182	0.0240
118	183	0.0255
118	184	0.0279
118	185	0.0303
118	186	0.0320
118	187	0.0325
118	188	0.0316
118	189	0.0294
118	190	0.0261
118	191	0.0222
118	192	0.0181
118	193	0.0142
118	194	0.0108
119	160	0.0134
119	161	0.0210
119	162	0.0313
119	163	0.0445
119	164	0.0605
119	165	0.0785
119	166	0.0977
119	167	0.1166
119	168	0.1339
119	169	0.1480
119	170	0.1576
119	171	0.1619
119	172	0.1602
119	173	0.1527
119	174	0.1403
119	175	0.1243
119	176	0.1064
119	177	0.0886
119	178	0.0727
119	179	0.0601
119	180	0.0517
119	181	0.0476
119	182	0.0474
119	183	0.0500
119	184	0.0543
119	185	0.0586
119	186	0.0617
119	187	0.0628
119	188	0.0612
119	189	0.0572
119	190	0.0511
119	191	0.0439
119	192	0.0364
119	193	0.0291
119	194	0.0227
119	195	0.0172
119	196	0.0128
120	159	0.0148
120	160	0.0242
120	161	0.0377
120	162	0.0557
120	163	0.0786
120	164	0.1057
120	165	0.1362
120	166	0.1681
120	167	0.1995
120	168	0.2279
120	169	0.2511
120	170	0.2672
120	171	0.2747
120	172	0.2729
120	173	0.2619
120	174	0.2427
120	175	0.2173
120	176	0.1884
120	177	0.1591
120	178	0.1324
120	179	0.1108
120	180	0.0961
120	181	0.0888
120	182	0.0880
120	183	0.0924
120	184	0.0994
120	185	0.1067
120	186	0.1121
120	187	0.1139
120	188	0.1114
120	189	0.1047
120	190	0.0947
120	191	0.0824
120	192	0.0694
120	193	0.0567
120	194	0.0451
120	195	0.0351
120	196	0.0267
120	197	0.0199
120	198	0.0146
120	199	0.0104
121	158	0.0149
121	159	0.0255
121	160	0.0413
121	161	0.0636
121	162	0.0931
121	163	0.1298
121	164	0.1728
121	165	0.2201
121	166	0.2690
121	167	0.3163
121	168	0.3588
121	169	0.3935
121	170	0.4177
121	171	0.4298
121	172	0.4285
121	173	0.4139
121	174	0.3872
121	175	0.3510
121	176	0.3088
121	177	0.2650
121	178	0.2243
121	179	0.1907
121	180	0.1673
121	181	0.1553
121	182	0.1537
121	183	0.1601
121	184	0.1709
121	185	0.1823
121	186	0.1908
121	187	0.1939
121	188	0.1904
121	189	0.1804
121	190	0.1650
121	191	0.1460
121	192	0.1253
121	193	0.1047
121	194	0.0854
121	195	0.0681
121	196	0.0532
121	197	0.0406
121	198	0.0303
121	199	0.0219
121	200	0.0154
121	201	0.0105
122	157	0.0137
122	158	0.0244
122	159	0.0413
122	160	0.0663
122	161	0.1010
122	162	0.1460
122	163	0.2009
122	164	0.2636
122	165	0.3312
122	166	0.3998
122	167	0.4650
122	168	0.5230
122	169	0.5702
122	170	0.6036
122	171	0.6209
122	172	0.6210
122	173	0.6037
122	174	0.5704
122	175	0.5238
122	176	0.4681
122	177	0.4091
122	178	0.3529
122	179	0.3056
122	180	0.2719
122	181	0.2540
122	182	0.2511
122	183	0.2600
122	184	0.2753
122	185	0.2917
122	186	0.3041
122	187	0.3090
122	188	0.3048
122	189	0.2914
122	190	0.2702
122	191	0.2434
122	192	0.2135
122	193	0.1827
122	194	0.1529
122	195	0.1253
122	196	0.1003
122	197	0.0784
122	198	0.0596
122	199	0.0440
122	200	0.0314
122	201	0.0217
122	202	0.0144
123	156	0.0114
123	157	0.0214
123	158	0.0378
123	159	0.0633
123	160	0.1004
123	161	0.1508
123	162	0.2148
123	163	0.2909
123	164	0.3758
123	165	0.4651
123	166	0.5536
123	167	0.6366
123	168	0.7096
123	169	0.7687
123	170	0.8110
123	171	0.8340
123	172	0.8364
123	173	0.8180
123	174	0.7801
123	175	0.7254
123	176	0.6588
123	177	0.5865
123	178	0.5163
123	179	0.4560
123	180	0.4121
123	181	0.3882
123	182	0.3840
123	183	0.3953
123	184	0.4153
123	185	0.4369
123	186	0.4537
123	187	0.4611
123	188	0.4570
123	189	0.4412
123	190	0.4150
123	191	0.3809
123	192	0.3417
123	193	0.3000
123	194	0.2579
123	195	0.2170
123	196	0.1783
123	197	0.1427
123	198	0.1109
123	199	0.0834
123	200	0.0605
123	201	0.0423
123	202	0.0285
123	203	0.0184
123	204	0.0114
124	156	0.0170
124	157	0.0315
124	158	0.0553
124	159	0.0916
124	160	0.1433
124	161	0.2120
124	162	0.2970
124	163	0.3954
124	164	0.5023
124	165	0.6120
124	166	0.7187
124	167	0.8172
124	168	0.9031
124	169	0.9726
124	170	1.0228
124	171	1.0513
124	172	1.0569
124	173	1.0392
124	174	0.9994
124	175	0.9404
124	176	0.8670
124	177	0.7859
124	178	0.7058
124	179	0.6358
124	180	0.5841
124	181	0.5556
124	182	0.5504
124	183	0.5639
124	184	0.5882
124	185	0.6147
124	186	0.6359
124	187	0.6465
124	188	0.6438
124	189	0.6274
124	190	0.5986
124	191	0.5596
124	192	0.5132
124	193	0.4619
124	194	0.4076
124	195	0.3522
124	196	0.2970
124	197	0.2436
124	198	0.1936
124	199	0.1486
124	200	0.1098
124	201	0.0779
124	202	0.0531
124	203	0.0346
124	204	0.0217
124	205	0.0130
125	155	0.0122
125	156	0.0239
125	157	0.0440
125	158	0.0763
125	159	0.1250
125	160	0.1929
125	161	0.2809
125	162	0.3869
125	163	0.5063
125	164	0.6328
125	165	0.7598
125	166	0.8813
125	167	0.9921
125	168	1.0881
125	169	1.1659
125	170	1.2227
125	171	1.2565
125	172	1.2660
125	173	1.2508
125	174	1.2121
125	175	1.1526
125	176	1.0773
125	177	0.9931
125	178	0.9089
125	179	0.8346
125	180	0.7792
125	181	0.7487
125	182	0.7436
125	183	0.7591
125	184	0.7868
125	185	0.8173
125	186	0.8426
125	187	0.8568
125	188	0.8571
125	189	0.8427
125	190	0.8146
125	191	0.7746
125	192	0.7248
125	193	0.6672
125	194	0.6032
125	195	0.5342
125	196	0.4618
125	197	0.3882
125	198	0.3158
125	199	0.2478
125	200	0.1868
125	201	0.1350
125	202	0.0934
125	203	0.0617
125	204	0.0390
125	205	0.0235
125	206	0.0135
126	155	0.0164
126	156	0.0317
126	157	0.0580
126	158	0.0997
126	159	0.1613
126	160	0.2455
126	161	0.3518
126	162	0.4768
126	163	0.6140
126	164	0.7562
126	165	0.8964
126	166	1.0286
126	167	1.1483
126	168	1.2516
126	169	1.3357
126	170	1.3981
126	171	1.4370
126	172	1.4510
126	173	1.4400
126	174	1.4050
126	175	1.3490
126	176	1.2767
126	177	1.1952
126	178	1.1132
126	179	1.0407
126	180	0.9869
126	181	0.9578
126	182	0.9543
126	183	0.9717
126	184	1.0019
126	185	1.0354
126	186	1.0642
126	187	1.0826
126	188	1.0873
126	189	1.0773
126	190	1.0533
126	191	1.0163
126	192	0.9675
126	193	0.9078
126	194	0.8379
126	195	0.7584
126	196	0.6708
126	197	0.5771
126	198	0.4807
126	199	0.3860
126	200	0.2975
126	201	0.2194
126	202	0.1544
126	203	0.1036
126	204	0.0662
126	205	0.0403
126	206	0.0233
126	207	0.0129
127	154	0.0101
127	155	0.0207
127	156	0.0399
127	157	0.0723
127	158	0.1232
127	159	0.1971
127	160	0.2959
127	161	0.4181
127	162	0.5583
127	163	0.7091
127	164	0.8625
127	165	1.0115
127	166	1.1507
127	167	1.2760
127	168	1.3843
127	169	1.4730
127	170	1.5402
127	171	1.5840
127	172	1.6034
127	173	1.5982
127	174	1.5698
127	175	1.5209
127	176	1.4564
127	177	1.3831
127	178	1.3095
127	179	1.2450
127	180	1.1980
127	181	1.1740
127	182	1.1739
127	183	1.1935
127	184	1.2254
127	185	1.2611
127	186	1.2930
127	187	1.3156
127	188	1.3259
127	189	1.3224
127	190	1.3051
127	191	1.2742
127	192	1.2299
127	193	1.1720
127	194	1.1000
127	195	1.0139
127	196	0.9143
127	197	0.8031
127	198	0.6840
127	199	0.5621
127	200	0.4434
127	201	0.3342
127	202	0.2400
127	203	0.1637
127	204	0.1060
127	205	0.0652
127	206	0.0381
127	207	0.0211
128	154	0.0122
128	155	0.0248
128	156	0.0475
128	157	0.0854
128	158	0.1443
128	159	0.2284
128	160	0.3389
128	161	0.4729
128	162	0.6239
128	163	0.7836
128	164	0.9437
128	165	1.0976
128	166	1.2405
128	167	1.3688
128	168	1.4800
128	169	1.5722
128	170	1.6436
128	171	1.6927
128	172	1.7186
128	173	1.7213
128	174	1.7021
128	175	1.6642
128	176	1.6122
128	177	1.5526
128	178	1.4933
128	179	1.4425
128	180	1.4072
128	181	1.3919
128	182	1.3972
128	183	1.4195
128	184	1.4528
128	185	1.4899
128	186	1.5244
128	187	1.5514
128	188	1.5678
128	189	1.5719
128	190	1.5629
128	191	1.5400
128	192	1.5023
128	193	1.4485
128	194	1.3772
128	195	1.2875
128	196	1.1794
128	197	1.0543
128	198	0.9156
128	199	0.7684
128	200	0.6198
128	201	0.4780
128	202	0.3506
128	203	0.2438
128	204	0.1603
128	205	0.0997
128	206	0.0587
128	207	0.0328
129	154	0.0138
129	155	0.0280
129	156	0.0534
129	157	0.0955
129	158	0.1602
129	159	0.2514
129	160	0.3696
129	161	0.5109
129	162	0.6678
129	163	0.8317
129	164	0.9944
129	165	1.1497
129	166	1.2934
129	167	1.4227
129	168	1.5356
129	169	1.6306
129	170	1.7063
129	171	1.7615
129	172	1.7955
129	173	1.8084
129	174	1.8019
129	175	1.7790
129	176	1.7444
129	177	1.7040
129	178	1.6646
129	179	1.6326
129	180	1.6134
129	181	1.6100
129	182	1.6225
129	183	1.6484
129	184	1.6832
129	185	1.7215
129	186	1.7583
129	187	1.7895
129	188	1.8121
129	189	1.8241
129	190	1.8237
129	191	1.8092
129	192	1.7785
129	193	1.7294
129	194	1.6598
129	195	1.5681
129	196	1.4538
129	197	1.3178
129	198	1.1629
129	199	0.9939
129	200	0.8181
129	201	0.6444
129	202	0.4828
129	203	0.3424
129	204	0.2290
129	205	0.1443
129	206	0.0857
129	207	0.0481
130	154	0.0148
130	155	0.0299
130	156	0.0568
130	157	0.1012
130	158	0.1688
130	159	0.2633
130	160	0.3846
130	161	0.5281
130	162	0.6862
130	163	0.8499
130	164	1.0116
130	165	1.1654
130	166	1.3077
130	167	1.4365
130	168	1.5502
130	169	1.6481
130	170	1.7289
130	171	1.7917
130	172	1.8362
130	173	1.8626
130	174	1.8728
130	175	1.8698
130	176	1.8578
130	177	1.8419
130	178	1.8274
130	179	1.8186
130	180	1.8190
130	181	1.8300
130	182	1.8516
130	183	1.8822
130	184	1.9191
130	185	1.9588
130	186	1.9980
130	187	2.0333
130	188	2.0619
130	189	2.0812
130	190	2.0885
130	191	2.0813
130	192	2.0564
130	193	2.0111
130	194	1.9425
130	195	1.8489
130	196	1.7292
130	197	1.5839
130	198	1.4152
130	199	1.2276
130	200	1.0277
130	201	0.8249
130	202	0.6303
130	203	0.4555
130	204	0.3097
130	205	0.1978
130	206	0.1186
130	207	0.0670
131	154	0.0150
131	155	0.0303
131	156	0.0573
131	157	0.1016
131	158	0.1689
131	159	0.2625
131	160	0.3821
131	161	0.5230
131	162	0.6775
131	163	0.8372
131	164	0.9945
131	165	1.1444
131	166	1.2838
131	167	1.4111
131	168	1.5258
131	169	1.6272
131	170	1.7148
131	171	1.7879
131	172	1.8463
131	173	1.8906
131	174	1.9223
131	175	1.9444
131	176	1.9604
131	177	1.9739
131	178	1.9884
131	179	2.0060
131	180	2.0283
131	181	2.0556
131	182	2.0880
131	183	2.1248
131	184	2.1650
131	185	2.2073
131	186	2.2494
131	187	2.2888
131	188	2.3228
131	189	2.3482
131	190	2.3615
131	191	2.3593
131	192	2.3379
131	193	2.2939
131	194	2.2244
131	195	2.1272
131	196	2.0013
131	197	1.8468
131	198	1.6654
131	199	1.4610
131	200	1.2396
131	201	1.0105
131	202	0.7852
131	203	0.5771
131	204	0.3986
131	205	0.2577
131	206	0.1559
131	207	0.0885
132	154	0.0144
132	155	0.0289
132	156	0.0546
132	157	0.0967
132	158	0.1604
132	159	0.2490
132	160	0.3623
132	161	0.4959
132	162	0.6427
132	163	0.7946
132	164	0.9449
132	165	1.0889
132	166	1.2242
132	167	1.3501
132	168	1.4665
132	169	1.5736
132	170	1.6709
132	171	1.7582
132	172	1.8353
132	173	1.9026
132	174	1.9614
132	175	2.0139
132	176	2.0624
132	177	2.1088
132	178	2.1546
132	179	2.2001
132	180	2.2452
132	181	2.2899
132	182	2.3345
132	183	2.3796
132	184	2.4254
132	185	2.4721
132	186	2.5186
132	187	2.5628
132	188	2.6017
132	189	2.6315
132	190	2.6484
132	191	2.6481
132	192	2.6268
132	193	2.5809
132	194	2.5074
132	195	2.4042
132	196	2.2701
132	197	2.1050
132	198	1.9104
132	199	1.6896
132	200	1.4481
132	201	1.1946
132	202	0.9408
132	203	0.7012
132	204	0.4907
132	205	0.3207
132	206	0.1955
132	207	0.1114
133	154	0.0130
133	155	0.0260
133	156	0.0491
133	157	0.0871
133	158	0.1445
133	159	0.2246
133	160	0.3276
133	161	0.4497
133	162	0.5848
133	163	0.7257
133	164	0.8665
133	165	1.0033
133	166	1.1344
133	167	1.2598
133	168	1.3802
133	169	1.4962
133	170	1.6078
133	171	1.7145
133	172	1.8159
133	173	1.9117
133	174	2.0026
133	175	2.0894
133	176	2.1729
133	177	2.2534
133	178	2.3304
133	179	2.4032
133	180	2.4709
133	181	2.5335
133	182	2.5920
133	183	2.6478
133	184	2.7024
133	185	2.7566
133	186	2.8097
133	187	2.8596
133	188	2.9031
133	189	2.9360
133	190	2.9538
133	191	2.9524
133	192	2.9276
133	193	2.8762
133	194	2.7953
133	195	2.6829
133	196	2.5378
133	197	2.3599
133	198	2.1505
133	199	1.9125
133	200	1.6509
133	201	1.3738
133	202	1.0928
133	203	0.8233
133	204	0.5820
133	205	0.3834
133	206	0.2348
133	207	0.1340
134	154	0.0111
134	155	0.0222
134	156	0.0418
134	157	0.0742
134	158	0.1233
134	159	0.1923
134	160	0.2818
134	161	0.3891
134	162	0.5093
134	163	0.6366
134	164	0.7661
134	165	0.8950
134	166	1.0226
134	167	1.1497
134	168	1.2778
134	169	1.4076
134	170	1.5391
134	171	1.6710
134	172	1.8020
134	173	1.9308
134	174	2.0566
134	175	2.1788
134	176	2.2969
134	177	2.4097
134	178	2.5157
134	179	2.6137
134	180	2.7030
134	181	2.7840
134	182	2.8582
134	183	2.9278
134	184	2.9947
134	185	3.0598
134	186	3.1222
134	187	3.1794
134	188	3.2276
134	189	3.2624
134	190	3.2791
134	191	3.2738
134	192	3.2426
134	193	3.1825
134	194	3.0911
134	195	2.9665
134	196	2.8077
134	197	2.6147
134	198	2.3884
134	199	2.1316
134	200	1.8488
134	201	1.5477
134	202	1.2399
134	203	0.9410
134	204	0.6697
134	205	0.4434
134	206	0.2720
134	207	0.1550
135	155	0.0178
135	156	0.0336
135	157	0.0597
135	158	0.0996
135	159	0.1560
135	160	0.2301
135	161	0.3203
135	162	0.4234
135	163	0.5353
135	164	0.6526
135	165	0.7739
135	166	0.8997
135	167	1.0320
135	168	1.1726
135	169	1.3220
135	170	1.4790
135	171	1.6410
135	172	1.8049
135	173	1.9679
135	174	2.1280
135	175	2.2834
135	176	2.4326
135	177	2.5739
135	178	2.7055
135	179	2.8263
135	180	2.9362
135	181	3.0362
135	182	3.1283
135	183	3.2150
135	184	3.2979
135	185	3.3773
135	186	3.4516
135	187	3.5175
135	188	3.5707
135	189	3.6067
135	190	3.6211
135	191	3.6101
135	192	3.5706
135	193	3.4998
135	194	3.3957
135	195	3.2568
135	196	3.0824
135	197	2.8722
135	198	2.6273
135	199	2.3500
135	200	2.0447
135	201	1.7187
135	202	1.3834
135	203	1.0550
135	204	0.7537
135	205	0.4997
135	206	0.3061
135	207	0.1735
136	155	0.0135
136	156	0.0255
136	157	0.0454
136	158	0.0760
136	159	0.1197
136	160	0.1780
136	161	0.2506
136	162	0.3357
136	163	0.4314
136	164	0.5365
136	165	0.6514
136	166	0.7782
136	167	0.9199
136	168	1.0780
136	169	1.2519
136	170	1.4381
136	171	1.6319
136	172	1.8283
136	173	2.0232
136	174	2.2136
136	175	2.3975
136	176	2.5729
136	177	2.7382
136	178	2.8920
136	179	3.0338
136	180	3.1641
136	181	3.2843
136	182	3.3968
136	183	3.5036
136	184	3.6056
136	185	3.7019
136	186	3.7898
136	187	3.8653
136	188	3.9238
136	189	3.9608
136	190	3.9723
136	191	3.9551
136	192	3.9065
136	193	3.8243
136	194	3.7068
136	195	3.5529
136	196	3.3619
136	197	3.1338
136	198	2.8694
136	199	2.5708
136	200	2.2421
136	201	1.8903
136	202	1.5266
136	203	1.1678
136	204	0.8357
136	205	0.5534
136	206	0.3373
136	207	0.1896
137	156	0.0183
137	157	0.0326
137	158	0.0548
137	159	0.0869
137	160	0.1305
137	161	0.1862
137	162	0.2542
137	163	0.3344
137	164	0.4283
137	165	0.5387
137	166	0.6694
137	167	0.8240
137	168	1.0029
137	169	1.2032
137	170	1.4187
137	171	1.6421
137	172	1.8670
137	173	2.0886
137	174	2.3038
137	175	2.5107
137	176	2.7076
137	177	2.8934
137	178	3.0673
137	179	3.2294
137	180	3.3807
137	181	3.5230
137	182	3.6583
137	183	3.7878
137	184	3.9109
137	185	4.0255
137	186	4.1277
137	187	4.2129
137	188	4.2766
137	189	4.3145
137	190	4.3233
137	191	4.3000
137	192	4.2427
137	193	4.1495
137	194	4.0191
137	195	3.8507
137	196	3.6437
137	197	3.3980
137	198	3.1144
137	199	2.7948
137	200	2.4429
137	201	2.0653
137	202	1.6730
137	203	1.2830
137	204	0.9189
137	205	0.6070
137	206	0.3674
137	207	0.2041
138	156	0.0124
138	157	0.0221
138	158	0.0373
138	159	0.0597
138	160	0.0908
138	161	0.1320
138	162	0.1848
138	163	0.2516
138	164	0.3361
138	165	0.4438
138	166	0.5802
138	167	0.7488
138	168	0.9485
138	169	1.1733
138	170	1.4142
138	171	1.6620
138	172	1.9096
138	173	2.1520
138	174	2.3868
138	175	2.6122
138	176	2.8274
138	177	3.0317
138	178	3.2250
138	179	3.4079
138	180	3.5818
138	181	3.7483
138	182	3.9084
138	183	4.0620
138	184	4.2070
138	185	4.3399
138	186	4.4560
138	187	4.5506
138	188	4.6191
138	189	4.6579
138	190	4.6641
138	191	4.6354
138	192	4.5702
138	193	4.4672
138	194	4.3254
138	195	4.1439
138	196	3.9223
138	197	3.6607
138	198	3.3595
138	199	3.0204
138	200	2.6467
138	201	2.2445
138	202	1.8244
138	203	1.4034
138	204	1.0065
138	205	0.6634
138	206	0.3985
138	207	0.2185
139	157	0.0142
139	158	0.0241
139	159	0.0390
139	160	0.0603
139	161	0.0900
139	162	0.1306
139	163	0.1864
139	164	0.2633
139	165	0.3691
139	166	0.5108
139	167	0.6915
139	168	0.9083
139	169	1.1524
139	170	1.4126
139	171	1.6786
139	172	1.9431
139	173	2.2016
139	174	2.4520
139	175	2.6933
139	176	2.9252
139	177	3.1477
139	178	3.3611
139	179	3.5665
139	180	3.7649
139	181	3.9574
139	182	4.1436
139	183	4.3216
139	184	4.4880
139	185	4.6381
139	186	4.7669
139	187	4.8697
139	188	4.9424
139	189	4.9819
139	190	4.9859
139	191	4.9526
139	192	4.8808
139	193	4.7694
139	194	4.6177
139	195	4.4250
139	196	4.1909
139	197	3.9154
139	198	3.5990
139	199	3.2429
139	200	2.8499
139	201	2.4257
139	202	1.9800
139	203	1.5296
139	204	1.1004
139	205	0.7250
139	206	0.4328
139	207	0.2344
140	158	0.0148
140	159	0.0243
140	160	0.0386
140	161	0.0598
140	162	0.0912
140	163	0.1383
140	164	0.2088
140	165	0.3121
140	166	0.4563
140	167	0.6444
140	168	0.8720
140	169	1.1285
140	170	1.4014
140	171	1.6799
140	172	1.9568
140	173	2.2281
140	174	2.4921
140	175	2.7484
140	176	2.9972
140	177	3.2389
140	178	3.4742
140	179	3.7040
140	180	3.9289
140	181	4.1485
140	182	4.3608
140	183	4.5624
140	184	4.7486
140	185	4.9140
140	186	5.0537
140	187	5.1634
140	188	5.2395
140	189	5.2796
140	190	5.2817
140	191	5.2445
140	192	5.1671
140	193	5.0487
140	194	4.8888
140	195	4.6867
140	196	4.4423
140	197	4.1553
140	198	3.8262
140	199	3.4558
140	200	3.0467
140	201	2.6037
140	202	2.1358
140	203	1.6590
140	204	1.1994
140	205	0.7920
140	206	0.4714
140	207	0.2527
141	159	0.0147
141	160	0.0242
141	161	0.0395
141	162	0.0641
141	163	0.1041
141	164	0.1683
141	165	0.2671
141	166	0.4093
141	167	0.5984
141	168	0.8294
141	169	1.0913
141	170	1.3710
141	171	1.6576
141	172	1.9440
141	173	2.2263
141	174	2.5035
141	175	2.7753
141	176	3.0423
141	177	3.3052
141	178	3.5646
141	179	3.8209
141	180	4.0734
141	181	4.3201
141	182	4.5574
141	183	4.7806
141	184	4.9841
141	185	5.1625
141	186	5.3113
141	187	5.4265
141	188	5.5053
141	189	5.5455
141	190	5.5459
141	191	5.5054
141	192	5.4234
141	193	5.2992
141	194	5.1325
141	195	4.9229
141	196	4.6700
141	197	4.3736
141	198	4.0341
141	199	3.6522
141	200	3.2300
141	201	2.7717
141	202	2.2854
141	203	1.7862
141	204	1.2996
141	205	0.8624
141	206	0.5135
141	207	0.2736
142	160	0.0151
142	161	0.0263
142	162	0.0458
142	163	0.0798
142	164	0.1371
142	165	0.2285
142	166	0.3636
142	167	0.5468
142	168	0.7740
142	169	1.0347
142	170	1.3161
142	171	1.6074
142	172	1.9014
142	173	2.1945
142	174	2.4855
142	175	2.7744
142	176	3.0618
142	177	3.3483
142	178	3.6340
142	179	3.9180
142	180	4.1981
142	181	4.4707
142	182	4.7308
142	183	4.9727
142	184	5.1908
142	185	5.3799
142	186	5.5358
142	187	5.6552
142	188	5.7358
142	189	5.7761
142	190	5.7749
142	191	5.7315
142	192	5.6455
142	193	5.5166
142	194	5.3443
142	195	5.1283
142	196	4.8685
142	197	4.5646
142	198	4.2168
142	199	3.8257
142	200	3.3931
142	201	2.9226
142	202	2.4217
142	203	1.9043
142	204	1.3951
142	205	0.9317
142	206	0.5566
142	207	0.2959
143	161	0.0178
143	162	0.0333
143	163	0.0616
143	164	0.1112
143	165	0.1925
143	166	0.3158
143	167	0.4866
143	168	0.7032
143	169	0.9567
143	170	1.2355
143	171	1.5288
143	172	1.8296
143	173	2.1338
143	174	2.4402
143	175	2.7485
143	176	3.0589
143	177	3.3712
143	178	3.6844
143	179	3.9961
143	180	4.3025
143	181	4.5986
143	182	4.8785
143	183	5.1361
143	184	5.3659
143	185	5.5633
143	186	5.7245
143	187	5.8470
143	188	5.9288
143	189	5.9688
143	190	5.9660
143	191	5.9201
143	192	5.8307
143	193	5.6977
143	194	5.5207
143	195	5.2995
143	196	5.0340
143	197	4.7239
143	198	4.3694
143	199	3.9710
143	200	3.5302
143	201	3.0503
143	202	2.5380
143	203	2.0064
143	204	1.4794
143	205	0.9945
143	206	0.5969
143	207	0.3175
144	161	0.0123
144	162	0.0244
144	163	0.0473
144	164	0.0885
144	165	0.1577
144	166	0.2654
144	167	0.4187
144	168	0.6187
144	169	0.8595
144	170	1.1314
144	171	1.4246
144	172	1.7316
144	173	2.0481
144	174	2.3719
144	175	2.7019
144	176	3.0374
144	177	3.3768
144	178	3.7175
144	179	4.0557
144	180	4.3860
144	181	4.7024
144	182	4.9986
144	183	5.2687
144	184	5.5076
144	185	5.7112
144	186	5.8763
144	187	6.0008
144	188	6.0832
144	189	6.1225
144	190	6.1182
144	191	6.0699
144	192	5.9775
144	193	5.8409
144	194	5.6598
144	195	5.4342
144	196	5.1638
144	197	4.8486
144	198	4.4886
144	199	4.0843
144	200	3.6370
144	201	3.1498
144	202	2.6290
144	203	2.0869
144	204	1.5466
144	205	1.0455
144	206	0.6305
144	207	0.3359
145	162	0.0177
145	163	0.0355
145	164	0.0682
145	165	0.1245
145	166	0.2144
145	167	0.3465
145	168	0.5250
145	169	0.7482
145	170	1.0094
145	171	1.3002
145	172	1.6131
145	173	1.9428
145	174	2.2858
145	175	2.6395
145	176	3.0013
145	177	3.3678
145	178	3.7348
145	179	4.0968
145	180	4.4476
145	181	4.7807
145	182	5.0899
145	183	5.3696
145	184	5.6152
145	185	5.8232
145	186	5.9909
145	187	6.1166
145	188	6.1990
145	189	6.2374
145	190	6.2314
145	191	6.1808
145	192	6.0856
145	193	5.9456
145	194	5.7609
145	195	5.5313
145	196	5.2567
145	197	4.9370
145	198	4.5724
145	199	4.1632
145	200	3.7108
145	201	3.2180
145	202	2.6910
145	203	2.1416
145	204	1.5924
145	205	1.0805
145	206	0.6538
145	207	0.3491
146	162	0.0126
146	163	0.0258
146	164	0.0506
146	165	0.0943
146	166	0.1659
146	167	0.2750
146	168	0.4290
146	169	0.6305
146	170	0.8772
146	171	1.1630
146	172	1.4810
146	173	1.8246
146	174	2.1880
146	175	2.5661
146	176	2.9540
146	177	3.3463
146	178	3.7369
146	179	4.1194
146	180	4.4870
146	181	4.8332
146	182	5.1522
146	183	5.4389
146	184	5.6892
146	185	5.9001
146	186	6.0694
146	187	6.1955
146	188	6.2774
146	189	6.3146
146	190	6.3067
146	191	6.2538
146	192	6.1557
146	193	6.0125
146	194	5.8243
146	195	5.5910
146	196	5.3125
146	197	4.9889
146	198	4.6201
146	199	4.2069
146	200	3.7503
146	201	3.2534
146	202	2.7220
146	203	2.1681
146	204	1.6139
146	205	1.0967
146	206	0.6648
146	207	0.3555
147	163	0.0180
147	164	0.0360
147	165	0.0683
147	166	0.1229
147	167	0.2095
147	168	0.3377
147	169	0.5147
147	170	0.7434
147	171	1.0216
147	172	1.3431
147	173	1.7000
147	174	2.0837
147	175	2.4857
147	176	2.8981
147	177	3.3134
147	178	3.7242
147	179	4.1234
147	180	4.5041
147	181	4.8603
147	182	5.1864
147	183	5.4779
147	184	5.7314
147	185	5.9440
147	186	6.1139
147	187	6.2397
147	188	6.3206
147	189	6.3562
147	190	6.3463
147	191	6.2908
147	192	6.1898
147	193	6.0434
147	194	5.8517
147	195	5.6147
147	196	5.3325
147	197	5.0050
147	198	4.6326
147	199	4.2157
147	200	3.7557
147	201	3.2557
147	202	2.7217
147	203	2.1658
147	204	1.6106
147	205	1.0934
147	206	0.6625
147	207	0.3545
148	163	0.0121
148	164	0.0245
148	165	0.0474
148	166	0.0874
148	167	0.1536
148	168	0.2570
148	169	0.4086
148	170	0.6167
148	171	0.8840
148	172	1.2066
148	173	1.5750
148	174	1.9772
148	175	2.4009
148	176	2.8349
148	177	3.2698
148	178	3.6971
148	179	4.1093
148	180	4.5000
148	181	4.8633
148	182	5.1943
148	183	5.4891
148	184	5.7443
148	185	5.9577
148	186	6.1275
148	187	6.2525
148	188	6.3319
148	189	6.3656
148	190	6.3532
148	191	6.2949
148	192	6.1907
148	193	6.0409
148	194	5.8455
148	195	5.6048
148	196	5.3187
148	197	4.9875
148	198	4.6115
148	199	4.1913
148	200	3.7285
148	201	3.2263
148	202	2.6912
148	203	2.1357
148	204	1.5831
148	205	1.0712
148	206	0.6474
148	207	0.3465
149	164	0.0160
149	165	0.0317
149	166	0.0600
149	167	0.1092
149	168	0.1904
149	169	0.3174
149	170	0.5034
149	171	0.7568
149	172	1.0770
149	173	1.4536
149	174	1.8710
149	175	2.3129
149	176	2.7649
149	177	3.2156
149	178	3.6559
149	179	4.0781
149	180	4.4761
149	181	4.8444
149	182	5.1788
149	183	5.4754
149	184	5.7315
149	185	5.9449
149	186	6.1139
149	187	6.2376
149	188	6.3152
149	189	6.3465
149	190	6.3314
149	191	6.2699
149	192	6.1623
149	193	6.0087
149	194	5.8094
149	195	5.5646
149	196	5.2746
149	197	4.9395
149	198	4.5598
149	199	4.1365
149	200	3.6712
149	201	3.1677
149	202	2.6328
149	203	2.0800
149	204	1.5337
149	205	1.0319
149	206	0.6211
149	207	0.3322
150	164	0.0101
150	165	0.0205
150	166	0.0402
150	167	0.0760
150	168	0.1387
150	169	0.2433
150	170	0.4071
150	171	0.6439
150	172	0.9573
150	173	1.3375
150	174	1.7658
150	175	2.2217
150	176	2.6878
150	177	3.1508
150	178	3.6010
150	179	4.0307
150	180	4.4340
150	181	4.8059
150	182	5.1424
150	183	5.4401
150	184	5.6964
150	185	5.9092
150	186	6.0772
150	187	6.1992
150	188	6.2747
150	189	6.3033
150	190	6.2852
150	191	6.2202
150	192	6.1088
150	193	5.9511
150	194	5.7476
150	195	5.4985
150	196	5.2041
150	197	4.8648
150	198	4.4814
150	199	4.0550
150	200	3.5876
150	201	3.0833
150	202	2.5500
150	203	2.0022
150	204	1.4655
150	205	0.9786
150	206	0.5856
150	207	0.3129
151	165	0.0130
151	166	0.0265
151	167	0.0524
151	168	0.1005
151	169	0.1859
151	170	0.3282
151	171	0.5462
151	172	0.8485
151	173	1.2269
151	174	1.6609
151	175	2.1263
151	176	2.6026
151	177	3.0748
151	178	3.5324
151	179	3.9677
151	180	4.3749
151	181	4.7494
151	182	5.0874
151	183	5.3857
151	184	5.6418
151	185	5.8539
151	186	6.0205
151	187	6.1407
151	188	6.2139
151	189	6.2398
151	190	6.2184
151	191	6.1499
151	192	6.0344
151	193	5.8725
151	194	5.6644
151	195	5.4107
151	196	5.1117
151	197	4.7681
151	198	4.3808
151	199	3.9512
151	200	3.4818
151	201	2.9775
151	202	2.4470
151	203	1.9063
151	204	1.3824
151	205	0.9144
151	206	0.5433
151	207	0.2899
152	166	0.0174
152	167	0.0362
152	168	0.0730
152	169	0.1424
152	170	0.2648
152	171	0.4626
152	172	0.7493
152	173	1.1204
152	174	1.5545
152	175	2.0247
152	176	2.5076
152	177	2.9863
152	178	3.4493
152	179	3.8889
152	180	4.2991
152	181	4.6756
152	182	5.0147
152	183	5.3134
152	184	5.5694
152	185	5.7807
152	186	5.9461
152	187	6.0645
152	188	6.1355
152	189	6.1587
152	190	6.1342
152	191	6.0621
152	192	5.9427
152	193	5.7764
152	194	5.5638
152	195	5.3054
152	196	5.0017
152	197	4.6537
152	198	4.2624
152	199	3.8297
152	200	3.3586
152	201	2.8548
152	202	2.3282
152	203	1.7964
152	204	1.2882
152	205	0.8424
152	206	0.4964
152	207	0.2642
153	166	0.0116
153	167	0.0253
153	168	0.0536
153	169	0.1098
153	170	0.2140
153	171	0.3906
153	172	0.6579
153	173	1.0158
153	174	1.4443
153	175	1.9146
153	176	2.4005
153	177	2.8832
153	178	3.3501
153	179	3.7928
153	180	4.2055
153	181	4.5837
153	182	4.9238
153	183	5.2230
153	184	5.4789
153	185	5.6897
153	186	5.8541
153	187	5.9711
153	188	6.0402
153	189	6.0611
153	190	6.0337
153	191	5.9584
153	192	5.8354
153	193	5.6651
153	194	5.4483
153	195	5.1854
153	196	4.8773
153	197	4.5251
153	198	4.1300
153	199	3.6944
153	200	3.2219
153	201	2.7192
153	202	2.1975
153	203	1.6765
153	204	1.1863
153	205	0.7654
153	206	0.4464
153	207	0.2367
154	167	0.0179
154	168	0.0399
154	169	0.0852
154	170	0.1728
154	171	0.3277
154	172	0.5720
154	173	0.9110
154	174	1.3279
154	175	1.7933
154	176	2.2786
154	177	2.7629
154	178	3.2320
154	179	3.6770
154	180	4.0916
154	181	4.4713
154	182	4.8125
154	183	5.1123
154	184	5.3684
154	185	5.5791
154	186	5.7429
154	187	5.8590
154	188	5.9268
154	189	5.9459
154	190	5.9164
154	191	5.8385
154	192	5.7126
154	193	5.5391
154	194	5.3186
154	195	5.0520
154	196	4.7401
154	197	4.3842
154	198	3.9858
154	199	3.5479
154	200	3.0746
154	201	2.5737
154	202	2.0581
154	203	1.5494
154	204	1.0794
154	205	0.6856
154	206	0.3948
154	207	0.2080
155	167	0.0129
155	168	0.0299
155	169	0.0661
155	170	0.1387
155	171	0.2719
155	172	0.4902
155	173	0.8047
155	174	1.2035
155	175	1.6584
155	176	2.1391
155	177	2.6221
155	178	3.0919
155	179	3.5381
155	180	3.9542
155	181	4.3352
155	182	4.6774
155	183	4.9781
155	184	5.2348
155	185	5.4457
155	186	5.6096
155	187	5.7253
155	188	5.7925
155	189	5.8107
155	190	5.7799
155	191	5.7004
155	192	5.5725
155	193	5.3967
155	194	5.1737
155	195	4.9043
155	196	4.5896
155	197	4.2309
155	198	3.8303
155	199	3.3909
155	200	2.9177
155	201	2.4197
155	202	1.9115
155	203	1.4170
155	204	0.9696
155	205	0.6045
155	206	0.3429
155	207	0.1789
156	168	0.0224
156	169	0.0511
156	170	0.1100
156	171	0.2217
156	172	0.4117
156	173	0.6964
156	174	1.0702
156	175	1.5082
156	176	1.9795
156	177	2.4582
156	178	2.9264
156	179	3.3727
156	180	3.7895
156	181	4.1715
156	182	4.5148
156	183	4.8165
156	184	5.0741
156	185	5.2858
156	186	5.4502
156	187	5.5663
156	188	5.6336
156	189	5.6517
156	190	5.6206
156	191	5.5405
156	192	5.4117
156	193	5.2349
156	194	5.0106
156	195	4.7398
156	196	4.4236
156	197	4.0636
156	198	3.6619
156	199	3.2223
156	200	2.7506
156	201	2.2570
156	202	1.7582
156	203	1.2804
156	204	0.8580
156	205	0.5237
156	206	0.2917
156	207	0.1503
157	168	0.0167
157	169	0.0389
157	170	0.0857
157	171	0.1767
157	172	0.3371
157	173	0.5871
157	174	0.9288
157	175	1.3427
157	176	1.7987
157	177	2.2688
157	178	2.7329
157	179	3.1776
157	180	3.5942
157	181	3.9767
157	182	4.3210
157	183	4.6237
157	184	4.8825
157	185	5.0953
157	186	5.2607
157	187	5.3779
157	188	5.4460
157	189	5.4649
157	190	5.4345
157	191	5.3549
157	192	5.2265
157	193	5.0499
157	194	4.8257
157	195	4.5549
157	196	4.2387
157	197	3.8788
157	198	3.4777
157	199	3.0396
157	200	2.5713
157	201	2.0843
157	202	1.5977
157	203	1.1399
157	204	0.7459
157	205	0.4443
157	206	0.2424
157	207	0.1229
158	168	0.0123
158	169	0.0291
158	170	0.0651
158	171	0.1369
158	172	0.2675
158	173	0.4794
158	174	0.7821
158	175	1.1637
158	176	1.5970
158	177	2.0533
158	178	2.5097
158	179	2.9505
158	180	3.3656
158	181	3.7479
158	182	4.0927
158	183	4.3964
158	184	4.6564
158	185	4.8706
158	186	5.0376
158	187	5.1563
158	188	5.2261
158	189	5.2465
158	190	5.2177
158	191	5.1396
158	192	5.0127
158	193	4.8376
158	194	4.6148
158	195	4.3455
158	196	4.0309
158	197	3.6728
158	198	3.2741
158	199	2.8396
158	200	2.3770
158	201	1.8998
158	202	1.4293
158	203	0.9961
158	204	0.6346
158	205	0.3681
158	206	0.1962
158	207	0.0978
159	169	0.0211
159	170	0.0480
159	171	0.1026
159	172	0.2047
159	173	0.3771
159	174	0.6350
159	175	0.9755
159	176	1.3775
159	177	1.8130
159	178	2.2568
159	179	2.6905
159	180	3.1020
159	181	3.4828
159	182	3.8275
159	183	4.1319
159	184	4.3932
159	185	4.6090
159	186	4.7778
159	187	4.8986
159	188	4.9705
159	189	4.9933
159	190	4.9668
159	191	4.8913
159	192	4.7669
159	193	4.5944
159	194	4.3744
159	195	4.1080
159	196	3.7964
159	197	3.4419
159	198	3.0476
159	199	2.6191
159	200	2.1654
159	201	1.7020
159	202	1.2530
159	203	0.8503
159	204	0.5261
159	205	0.2967
159	206	0.1544
159	207	0.0754
160	169	0.0149
160	170	0.0342
160	171	0.0740
160	172	0.1505
160	173	0.2842
160	174	0.4938
160	175	0.7853
160	176	1.1461
160	177	1.5518
160	178	1.9762
160	179	2.3983
160	180	2.8032
160	181	3.1807
160	182	3.5242
160	183	3.8287
160	184	4.0909
160	185	4.3084
160	186	4.4793
160	187	4.6024
160	188	4.6770
160	189	4.7027
160	190	4.6794
160	191	4.6071
160	192	4.4863
160	193	4.3175
160	194	4.1014
160	195	3.8392
160	196	3.5323
160	197	3.1831
160	198	2.7955
160	199	2.3759
160	200	1.9352
160	201	1.4912
160	202	1.0704
160	203	0.7051
160	204	0.4229
160	205	0.2318
160	206	0.1178
160	207	0.0564
161	169	0.0101
161	170	0.0234
161	171	0.0513
161	172	0.1059
161	173	0.2043
161	174	0.3658
161	175	0.6026
161	176	0.9123
161	177	1.2774
161	178	1.6733
161	179	2.0770
161	180	2.4708
161	181	2.8422
161	182	3.1826
161	183	3.4861
161	184	3.7488
161	185	3.9676
161	186	4.1406
161	187	4.2664
161	188	4.3440
161	189	4.3732
161	190	4.3536
161	191	4.2854
161	192	4.1689
161	193	4.0048
161	194	3.7937
161	195	3.5370
161	196	3.2364
161	197	2.8946
161	198	2.5165
161	199	2.1097
161	200	1.6873
161	201	1.2697
161	202	0.8853
161	203	0.5646
161	204	0.3280
161	205	0.1749
161	206	0.0868
161	207	0.0408
162	170	0.0154
162	171	0.0341
162	172	0.0711
162	173	0.1398
162	174	0.2568
162	175	0.4376
162	176	0.6885
162	177	1.0016
162	178	1.3576
162	179	1.7336
162	180	2.1095
162	181	2.4701
162	182	2.8045
162	183	3.1052
162	184	3.3671
162	185	3.5867
162	186	3.7615
162	187	3.8899
162	188	3.9709
162	189	4.0038
162	190	3.9885
162	191	3.9251
162	192	3.8138
162	193	3.6552
162	194	3.4504
162	195	3.2006
162	196	2.9081
162	197	2.5764
162	198	2.2113
162	199	1.8224
162	200	1.4253
162	201	1.0430
162	202	0.7038
162	203	0.4339
162	204	0.2444
162	205	0.1270
162	206	0.0618
162	207	0.0285
163	171	0.0216
163	172	0.0456
163	173	0.0908
163	174	0.1704
163	175	0.2992
163	176	0.4887
163	177	0.7404
163	178	1.0437
163	179	1.3799
163	180	1.7282
163	181	2.0708
163	182	2.3943
163	183	2.6889
163	184	2.9481
163	185	3.1672
163	186	3.3432
163	187	3.4739
163	188	3.5582
163	189	3.5951
163	190	3.5845
163	191	3.5264
163	192	3.4210
163	193	3.2692
163	194	3.0719
163	195	2.8309
163	196	2.5491
163	197	2.2309
163	198	1.8838
163	199	1.5197
163	200	1.1568
163	201	0.8196
163	202	0.5340
163	203	0.3183
163	204	0.1742
163	205	0.0885
163	206	0.0423
163	207	0.0192
164	171	0.0131
164	172	0.0278
164	173	0.0560
164	174	0.1068
164	175	0.1921
164	176	0.3241
164	177	0.5109
164	178	0.7513
164	179	1.0341
164	180	1.3418
164	181	1.6560
164	182	1.9608
164	183	2.2440
164	184	2.4968
164	185	2.7130
164	186	2.8887
164	187	3.0209
164	188	3.1080
164	189	3.1490
164	190	3.1434
164	191	3.0912
164	192	2.9927
164	193	2.8488
164	194	2.6608
164	195	2.4312
164	196	2.1636
164	197	1.8639
164	198	1.5417
164	199	1.2116
164	200	0.8934
164	201	0.6108
164	202	0.3840
164	203	0.2218
164	204	0.1185
164	205	0.0591
164	206	0.0278
164	207	0.0125
165	172	0.0162
165	173	0.0328
165	174	0.0632
165	175	0.1157
165	176	0.2004
165	177	0.3270
165	178	0.5009
165	179	0.7196
165	180	0.9729
165	181	1.2451
165	182	1.5199
165	183	1.7830
165	184	2.0231
165	185	2.2322
165	186	2.4047
165	187	2.5366
165	188	2.6256
165	189	2.6702
165	190	2.6697
165	191	2.6240
165	192	2.5335
165	193	2.3993
165	194	2.2234
165	195	2.0088
165	196	1.7606
165	197	1.4866
165	198	1.1987
165	199	0.9131
165	200	0.6499
165	201	0.4284
165	202	0.2605
165	203	0.1465
165	204	0.0767
165	205	0.0377
165	206	0.0176
166	173	0.0182
166	174	0.0354
166	175	0.0656
166	176	0.1157
166	177	0.1939
166	178	0.3074
166	179	0.4600
166	180	0.6491
166	181	0.8657
166	182	1.0965
166	183	1.3272
166	184	1.5451
166	185	1.7398
166	186	1.9040
166	187	2.0321
166	188	2.1209
166	189	2.1680
166	190	2.1725
166	191	2.1339
166	192	2.0530
166	193	1.9312
166	194	1.7711
166	195	1.5771
166	196	1.3558
166	197	1.1169
166	198	0.8738
166	199	0.6431
166	200	0.4415
166	201	0.2813
166	202	0.1662
166	203	0.0915
166	204	0.0472
166	205	0.0230
166	206	0.0106
167	174	0.0188
167	175	0.0350
167	176	0.0626
167	177	0.1068
167	178	0.1738
167	179	0.2689
167	180	0.3945
167	181	0.5483
167	182	0.7232
167	183	0.9082
167	184	1.0913
167	185	1.2613
167	186	1.4091
167	187	1.5278
167	188	1.6124
167	189	1.6599
167	190	1.6686
167	191	1.6379
167	192	1.5688
167	193	1.4630
167	194	1.3243
167	195	1.1581
167	196	0.9727
167	197	0.7789
167	198	0.5899
167	199	0.4195
167	200	0.2786
167	201	0.1726
167	202	0.0998
167	203	0.0541
167	204	0.0276
167	205	0.0133
168	175	0.0177
168	176	0.0318
168	177	0.0550
168	178	0.0910
168	179	0.1442
168	180	0.2182
168	181	0.3143
168	182	0.4306
168	183	0.5617
168	184	0.6991
168	185	0.8331
168	186	0.9546
168	187	1.0558
168	188	1.1305
168	189	1.1748
168	190	1.1862
168	191	1.1640
168	192	1.1090
168	193	1.0237
168	194	0.9125
168	195	0.7818
168	196	0.6402
168	197	0.4980
168	198	0.3657
168	199	0.2524
168	200	0.1633
168	201	0.0991
168	202	0.0565
168	203	0.0303
168	204	0.0154
169	176	0.0153
169	177	0.0266
169	178	0.0445
169	179	0.0716
169	180	0.1107
169	181	0.1637
169	182	0.2313
169	183	0.3118
169	184	0.4012
169	185	0.4933
169	186	0.5809
169	187	0.6571
169	188	0.7157
169	189	0.7524
169	190	0.7642
169	191	0.7502
169	192	0.7111
169	193	0.6495
169	194	0.5700
169	195	0.4786
169	196	0.3827
169	197	0.2903
169	198	0.2079
169	199	0.1404
169	200	0.0892
169	201	0.0534
169	202	0.0301
169	203	0.0161
170	177	0.0121
170	178	0.0205
170	179	0.0333
170	180	0.0521
170	181	0.0784
170	182	0.1132
170	183	0.1564
170	184	0.2067
170	185	0.2610
170	186	0.3151
170	187	0.3643
170	188	0.4038
170	189	0.4298
170	190	0.4396
170	191	0.4323
170	192	0.4082
170	193	0.3697
170	194	0.3202
170	195	0.2645
170	196	0.2078
170	197	0.1548
170	198	0.1090
170	199	0.0726
170	200	0.0456
170	201	0.0271
170	202	0.0152
171	179	0.0145
171	180	0.0230
171	181	0.0350
171	182	0.0512
171	183	0.0720
171	184	0.0969
171	185	0.1248
171	186	0.1537
171	187	0.1808
171	188	0.2035
171	189	0.2192
171	190	0.2258
171	191	0.2227
171	192	0.2101
171	193	0.1893
171	194	0.1627
171	195	0.1330
171	196	0.1034
171	197	0.0762
171	198	0.0532
171	199	0.0352
171	200	0.0220
171	201	0.0130
172	181	0.0147
172	182	0.0217
172	183	0.0309
172	184	0.0421
172	185	0.0550
172	186	0.0686
172	187	0.0818
172	188	0.0932
172	189	0.1013
172	190	0.1051
172	191	0.1041
172	192	0.0983
172	193	0.0884
172	194	0.0758
172	195	0.0617
172	196	0.0477
172	197	0.0350
172	198	0.0243
172	199	0.0160
172	200	0.0100
173	183	0.0125
173	184	0.0172
173	185	0.0226
173	186	0.0285
173	187	0.0343
173	188	0.0395
173	189	0.0432
173	190	0.0451
173	191	0.0449
173	192	0.0425
173	193	0.0383
173	194	0.0328
173	195	0.0267
173	196	0.0206
173	197	0.0151
173	198	0.0105
174	186	0.0112
174	187	0.0135
174	188	0.0157
174	189	0.0173
174	190	0.0181
174	191	0.0181
174	192	0.0172
174	193	0.0156
174	194	0.0133
174	195	0.0109
